{"type":"FeatureCollection","features":[{"type":"Feature","properties":{"name":"Abyei PCA"},"geometry":{"type":"Polygon","coordinates":[[[27.898,9.611],[27.917,9.589],[28.039,9.343],[28.363,9.347],[28.769,9.348],[28.759,9.403],[28.788,9.436],[28.791,9.444],[28.79,9.447],[28.8,9.465],[28.8,9.472],[28.803,9.476],[28.806,9.488],[28.812,9.491],[28.817,9.499],[28.821,9.5],[28.838,9.512],[28.893,9.567],[28.977,9.641],[28.987,9.651],[29.0,9.671],[29.0,10.167],[28.359,10.167],[27.836,10.166],[27.831,9.799],[27.836,9.785],[27.832,9.737],[27.898,9.611]]]}},{"type":"Feature","properties":{"name":"Gezira"},"geometry":{"type":"Polygon","coordinates":[[[33.569,15.456],[33.528,15.468],[33.486,15.438],[33.419,15.401],[33.379,15.384],[33.369,15.381],[33.309,15.39],[33.268,15.322],[33.214,15.294],[33.215,15.281],[33.213,15.23],[33.207,15.218],[33.198,15.217],[33.185,15.218],[33.169,15.214],[33.149,15.226],[33.115,15.279],[33.075,15.29],[33.041,15.284],[33.022,15.277],[32.963,15.266],[32.951,15.265],[32.939,15.266],[32.927,15.274],[32.915,15.287],[32.901,15.307],[32.883,15.315],[32.872,15.324],[32.845,15.335],[32.799,15.345],[32.785,15.352],[32.782,15.355],[32.78,15.37],[32.778,15.377],[32.774,15.382],[32.756,15.387],[32.753,15.403],[32.749,15.41],[32.722,15.414],[32.707,15.409],[32.714,15.388],[32.678,15.375],[32.708,15.294],[32.664,15.277],[32.669,15.239],[32.661,15.238],[32.661,15.232],[32.67,15.231],[32.675,15.186],[32.63,15.183],[32.615,15.194],[32.577,15.193],[32.541,15.198],[32.54,15.194],[32.522,15.15],[32.52,15.143],[32.52,15.116],[32.53,15.098],[32.555,15.08],[32.562,15.062],[32.562,15.039],[32.552,14.994],[32.543,14.992],[32.542,14.987],[32.544,14.985],[32.552,14.984],[32.547,14.917],[32.562,14.866],[32.565,14.849],[32.553,14.796],[32.543,14.773],[32.499,14.721],[32.485,14.684],[32.469,14.648],[32.457,14.648],[32.468,14.668],[32.456,14.676],[32.407,14.682],[32.383,14.672],[32.354,14.649],[32.349,14.631],[32.351,14.593],[32.356,14.582],[32.384,14.56],[32.387,14.545],[32.411,14.524],[32.421,14.475],[32.414,14.471],[32.414,14.463],[32.422,14.459],[32.419,14.417],[32.42,14.414],[32.452,14.342],[32.469,14.31],[32.469,14.306],[32.473,14.299],[32.48,14.296],[32.493,14.282],[32.46,14.223],[32.448,14.198],[32.457,14.172],[32.474,14.151],[32.49,14.128],[32.496,14.109],[32.503,14.095],[32.502,14.093],[32.505,14.091],[32.536,14.031],[32.531,14.008],[32.526,14.0],[32.537,13.971],[32.552,13.954],[32.582,13.927],[32.595,13.935],[32.61,13.927],[32.605,13.917],[32.627,13.901],[32.633,13.909],[32.667,13.909],[32.672,13.857],[32.667,13.854],[32.669,13.848],[32.673,13.846],[32.674,13.839],[32.686,13.833],[32.68,13.824],[32.703,13.778],[32.701,13.768],[32.712,13.759],[32.716,13.744],[32.688,13.719],[32.679,13.701],[32.681,13.688],[32.69,13.686],[32.709,13.685],[32.714,13.676],[32.716,13.655],[32.725,13.643],[32.725,13.635],[32.735,13.627],[32.734,13.612],[32.742,13.61],[32.759,13.6],[32.774,13.601],[32.79,13.594],[32.791,13.583],[32.811,13.555],[32.832,13.565],[32.844,13.592],[32.852,13.603],[32.868,13.635],[32.891,13.656],[32.894,13.678],[32.899,13.688],[32.904,13.721],[32.92,13.721],[32.922,13.703],[32.942,13.697],[32.978,13.747],[33.019,13.781],[33.076,13.804],[33.111,13.786],[33.102,13.808],[33.067,13.841],[33.066,13.902],[33.062,13.967],[33.062,14.041],[33.117,14.041],[33.155,14.04],[33.169,14.042],[33.174,14.044],[33.18,14.051],[33.2,14.064],[33.24,14.075],[33.279,14.046],[33.32,14.004],[33.326,13.987],[33.33,13.973],[33.333,13.964],[33.342,13.952],[33.344,13.935],[33.357,13.907],[33.383,13.897],[33.406,13.894],[33.408,13.896],[33.413,13.891],[33.415,13.884],[33.412,13.878],[33.403,13.869],[33.402,13.838],[33.404,13.828],[33.409,13.823],[33.421,13.824],[33.436,13.833],[33.471,13.832],[33.482,13.829],[33.483,13.826],[33.48,13.819],[33.481,13.815],[33.483,13.813],[33.487,13.813],[33.49,13.816],[33.49,13.825],[33.492,13.828],[33.5,13.827],[33.503,13.814],[33.502,13.784],[33.488,13.734],[33.474,13.717],[33.47,13.698],[33.461,13.667],[33.466,13.633],[33.482,13.636],[33.493,13.603],[33.531,13.599],[33.534,13.597],[33.536,13.594],[33.549,13.594],[33.559,13.583],[33.577,13.581],[33.586,13.581],[33.587,13.612],[33.604,13.64],[33.617,13.657],[33.627,13.666],[33.625,13.691],[33.624,13.7],[33.617,13.709],[33.584,13.71],[33.563,13.717],[33.558,13.726],[33.559,13.735],[33.573,13.75],[33.587,13.754],[33.598,13.754],[33.615,13.75],[33.625,13.76],[33.621,13.769],[33.615,13.779],[33.573,13.799],[33.562,13.808],[33.556,13.824],[33.557,13.835],[33.574,13.849],[33.6,13.841],[33.605,13.842],[33.625,13.858],[33.632,13.878],[33.628,13.908],[33.625,13.917],[33.604,13.94],[33.605,13.95],[33.612,13.953],[33.64,13.951],[33.643,13.956],[33.646,13.966],[33.645,13.992],[33.628,14.013],[33.624,14.033],[33.628,14.044],[33.65,14.049],[33.663,14.063],[33.669,14.094],[33.677,14.103],[33.721,14.101],[33.729,14.076],[33.74,14.075],[33.927,14.006],[33.934,14.009],[33.943,14.01],[33.96,13.999],[33.966,13.997],[33.989,14.005],[33.991,14.018],[33.986,14.04],[33.974,14.055],[33.963,14.072],[33.933,14.128],[33.931,14.136],[33.932,14.143],[33.955,14.164],[33.979,14.177],[33.991,14.186],[34.015,14.211],[34.04,14.263],[34.036,14.276],[34.015,14.312],[33.992,14.329],[33.989,14.334],[33.989,14.339],[33.994,14.351],[34.003,14.346],[34.032,14.336],[34.26,14.667],[34.286,14.732],[34.042,15.143],[33.774,15.262],[33.764,15.271],[33.735,15.292],[33.713,15.297],[33.661,15.298],[33.652,15.301],[33.65,15.309],[33.648,15.336],[33.643,15.368],[33.634,15.399],[33.598,15.434],[33.581,15.438],[33.575,15.438],[33.569,15.456]]]}},{"type":"Feature","properties":{"name":"Blue Nile"},"geometry":{"type":"Polygon","coordinates":[[[35.051,11.74],[34.963,11.885],[34.919,11.952],[34.895,12.019],[34.887,12.056],[34.87,12.122],[34.864,12.154],[34.855,12.185],[34.847,12.206],[34.847,12.22],[34.813,12.348],[34.805,12.374],[34.784,12.422],[34.76,12.439],[34.704,12.469],[34.688,12.492],[34.673,12.498],[34.656,12.513],[34.64,12.518],[34.617,12.515],[34.595,12.521],[34.569,12.524],[34.542,12.532],[34.529,12.534],[34.512,12.544],[34.495,12.542],[34.483,12.549],[34.466,12.558],[34.451,12.562],[34.438,12.552],[34.436,12.538],[34.424,12.527],[34.367,12.491],[34.338,12.474],[34.29,12.451],[34.278,12.456],[34.258,12.455],[34.25,12.461],[34.24,12.464],[34.232,12.465],[34.223,12.46],[34.221,12.451],[34.191,12.416],[34.169,12.377],[34.161,12.358],[34.151,12.344],[34.127,12.327],[34.093,12.295],[34.086,12.282],[34.075,12.271],[34.073,12.266],[34.028,12.227],[33.987,12.205],[33.939,12.171],[33.859,12.15],[33.741,12.083],[33.603,11.992],[33.575,11.986],[33.387,11.872],[33.29,11.806],[33.263,11.795],[33.175,11.741],[33.141,11.628],[33.152,11.558],[33.168,11.478],[33.174,11.386],[33.202,11.215],[33.239,11.003],[33.235,10.997],[33.266,10.829],[33.241,10.783],[33.219,10.735],[33.483,10.658],[33.668,10.441],[33.672,10.439],[33.727,10.393],[33.729,10.39],[33.794,10.338],[33.811,10.306],[33.902,10.162],[33.932,10.163],[33.951,10.162],[33.96,10.159],[33.966,10.154],[33.97,10.148],[33.971,10.141],[33.967,10.127],[33.971,10.111],[33.971,10.093],[33.976,10.086],[33.99,10.071],[33.996,10.062],[33.992,10.042],[33.995,10.021],[34.0,10.007],[34.0,10.0],[33.994,9.988],[33.989,9.97],[33.988,9.961],[33.99,9.949],[33.99,9.94],[33.993,9.929],[33.993,9.911],[33.989,9.898],[33.977,9.88],[33.977,9.862],[33.969,9.837],[33.966,9.824],[33.969,9.813],[33.965,9.803],[33.957,9.794],[33.955,9.788],[33.944,9.774],[33.935,9.769],[33.924,9.767],[33.921,9.762],[33.918,9.757],[33.917,9.746],[33.907,9.699],[33.899,9.68],[33.897,9.66],[33.892,9.635],[33.888,9.624],[33.887,9.619],[33.889,9.614],[33.887,9.597],[33.888,9.573],[33.888,9.546],[33.9,9.499],[34.113,9.499],[34.109,9.566],[34.172,9.778],[34.225,9.899],[34.225,9.904],[34.221,9.929],[34.222,9.936],[34.243,10.053],[34.266,10.069],[34.282,10.08],[34.337,10.116],[34.334,10.133],[34.334,10.143],[34.337,10.151],[34.341,10.156],[34.348,10.17],[34.343,10.191],[34.35,10.216],[34.338,10.267],[34.324,10.311],[34.301,10.397],[34.302,10.408],[34.312,10.441],[34.31,10.461],[34.3,10.493],[34.291,10.515],[34.286,10.533],[34.291,10.543],[34.303,10.558],[34.304,10.57],[34.3,10.575],[34.302,10.579],[34.352,10.627],[34.353,10.63],[34.398,10.675],[34.468,10.809],[34.603,10.903],[34.678,10.837],[34.686,10.828],[34.7,10.818],[34.711,10.808],[34.741,10.773],[34.757,10.75],[34.765,10.746],[34.795,10.749],[34.793,10.742],[34.789,10.738],[34.786,10.718],[34.779,10.711],[34.776,10.705],[34.778,10.702],[34.784,10.701],[34.79,10.703],[34.811,10.728],[34.82,10.734],[34.839,10.737],[34.86,10.748],[34.865,10.754],[34.869,10.796],[34.977,10.884],[34.98,10.892],[34.98,10.905],[34.974,10.912],[34.969,10.92],[34.966,10.941],[34.955,10.941],[34.953,10.943],[34.973,11.047],[35.009,11.186],[34.97,11.23],[34.95,11.235],[34.939,11.236],[34.936,11.241],[34.939,11.245],[34.954,11.251],[34.956,11.254],[34.955,11.261],[34.959,11.264],[34.962,11.272],[34.967,11.276],[34.971,11.284],[34.992,11.341],[35.023,11.384],[35.053,11.427],[35.061,11.471],[35.062,11.472],[35.065,11.483],[35.086,11.531],[35.091,11.645],[35.088,11.651],[35.076,11.663],[35.068,11.674],[35.064,11.686],[35.068,11.691],[35.068,11.697],[35.051,11.74]]]}},{"type":"Feature","properties":{"name":"Central Darfur"},"geometry":{"type":"Polygon","coordinates":[[[24.446,13.127],[24.446,13.131],[24.451,13.143],[24.485,13.162],[24.526,13.182],[24.545,13.186],[24.555,13.199],[24.563,13.203],[24.592,13.212],[24.609,13.228],[24.616,13.227],[24.621,13.23],[24.63,13.245],[24.639,13.248],[24.642,13.253],[24.64,13.263],[24.715,13.385],[24.713,13.397],[24.683,13.431],[24.577,13.416],[24.543,13.415],[24.468,13.417],[24.421,13.4],[24.269,13.351],[24.248,13.265],[24.13,13.27],[24.127,13.265],[24.102,13.24],[24.032,13.317],[24.028,13.331],[24.001,13.341],[23.993,13.342],[23.97,13.35],[23.928,13.373],[23.908,13.39],[23.882,13.371],[23.834,13.373],[23.806,13.38],[23.781,13.393],[23.769,13.445],[23.718,13.469],[23.688,13.475],[23.672,13.476],[23.627,13.49],[23.603,13.504],[23.583,13.513],[23.571,13.52],[23.548,13.526],[23.528,13.537],[23.505,13.554],[23.494,13.559],[23.464,13.553],[23.436,13.55],[23.398,13.499],[23.377,13.5],[23.354,13.479],[23.322,13.47],[23.301,13.455],[23.262,13.43],[23.243,13.426],[23.232,13.426],[23.225,13.429],[23.22,13.416],[23.219,13.41],[23.201,13.398],[23.195,13.315],[23.186,13.295],[23.081,13.256],[23.07,13.257],[23.043,13.263],[23.034,13.253],[23.039,13.231],[23.039,13.218],[23.037,13.202],[23.033,13.191],[23.015,13.165],[23.007,13.163],[23.005,13.159],[22.998,13.159],[22.997,13.157],[22.999,13.156],[23.005,13.152],[23.007,13.149],[23.002,13.148],[22.99,13.136],[22.977,13.138],[22.966,13.12],[22.967,13.116],[22.951,13.101],[22.964,13.086],[22.975,13.075],[22.974,13.06],[22.942,13.029],[22.925,13.033],[22.91,13.032],[22.898,13.023],[22.881,13.015],[22.878,13.009],[22.9,13.0],[22.911,12.99],[22.913,12.982],[22.912,12.978],[22.909,12.98],[22.901,12.972],[22.909,12.961],[22.907,12.952],[22.896,12.936],[22.887,12.932],[22.875,12.93],[22.859,12.923],[22.843,12.922],[22.83,12.915],[22.815,12.897],[22.802,12.891],[22.792,12.891],[22.787,12.887],[22.785,12.861],[22.777,12.86],[22.764,12.854],[22.748,12.837],[22.722,12.815],[22.683,12.791],[22.666,12.735],[22.646,12.716],[22.627,12.705],[22.616,12.693],[22.612,12.661],[22.626,12.634],[22.639,12.617],[22.647,12.596],[22.659,12.573],[22.695,12.474],[22.687,12.433],[22.693,12.391],[22.725,12.324],[22.732,12.289],[22.724,12.256],[22.625,12.102],[22.592,12.06],[22.598,12.053],[22.605,12.05],[22.612,12.051],[22.632,12.061],[22.637,12.061],[22.623,12.004],[22.581,11.852],[22.564,11.757],[22.553,11.708],[22.56,11.631],[22.602,11.573],[22.638,11.534],[22.658,11.516],[22.669,11.511],[22.743,11.487],[22.761,11.471],[22.775,11.455],[22.784,11.441],[22.787,11.406],[22.827,11.415],[22.942,11.426],[22.934,11.321],[22.969,11.308],[22.982,11.301],[22.987,11.236],[22.987,11.217],[22.929,11.1],[22.929,11.091],[22.909,11.026],[22.978,11.028],[23.008,11.036],[23.083,11.066],[23.108,11.085],[23.142,11.141],[23.16,11.167],[23.181,11.179],[23.206,11.174],[23.253,11.159],[23.296,11.158],[23.334,11.163],[23.356,11.177],[23.369,11.193],[23.385,11.229],[23.393,11.245],[23.406,11.252],[23.467,11.26],[23.57,11.295],[23.604,11.302],[23.631,11.314],[23.651,11.326],[23.663,11.336],[23.666,11.347],[23.666,11.366],[23.676,11.383],[23.683,11.391],[23.718,11.413],[23.741,11.422],[23.714,11.64],[23.715,11.71],[23.731,11.795],[23.722,11.812],[23.72,11.824],[23.733,11.836],[23.758,11.851],[23.758,11.864],[23.752,11.876],[23.761,11.897],[23.732,11.997],[23.745,12.029],[23.748,12.031],[23.702,12.062],[23.693,12.092],[23.69,12.128],[23.722,12.257],[23.732,12.282],[23.767,12.403],[23.789,12.449],[23.776,12.511],[23.776,12.603],[23.787,12.692],[23.853,12.718],[23.856,12.769],[23.893,12.797],[23.883,12.804],[24.017,12.821],[24.055,12.829],[24.101,12.83],[24.119,12.843],[24.133,12.843],[24.145,12.848],[24.155,12.865],[24.162,12.885],[24.209,12.933],[24.267,12.956],[24.325,12.975],[24.387,12.989],[24.373,13.03],[24.376,13.045],[24.387,13.06],[24.396,13.108],[24.417,13.124],[24.422,13.131],[24.44,13.115],[24.446,13.121],[24.446,13.127]]]}},{"type":"Feature","properties":{"name":"East Darfur"},"geometry":{"type":"Polygon","coordinates":[[[27.219,11.764],[27.16,11.787],[27.059,11.79],[26.992,11.785],[26.969,11.781],[26.95,11.776],[26.915,11.76],[26.894,11.752],[26.878,11.748],[26.822,11.75],[26.806,11.752],[26.766,11.767],[26.761,11.77],[26.753,11.782],[26.743,11.79],[26.703,11.807],[26.636,11.843],[26.539,11.859],[26.351,11.877],[26.236,11.933],[26.208,11.941],[26.216,11.996],[26.201,12.038],[26.178,12.066],[26.167,12.09],[26.078,12.107],[26.034,12.186],[26.033,12.209],[26.02,12.216],[25.989,12.214],[25.972,12.216],[25.96,12.236],[25.958,12.264],[25.952,12.289],[25.898,12.347],[25.89,12.375],[25.89,12.379],[25.917,12.4],[25.955,12.392],[25.969,12.392],[26.017,12.416],[26.051,12.409],[26.089,12.411],[26.092,12.427],[26.092,12.486],[26.081,12.502],[25.997,12.568],[25.987,12.58],[25.967,12.615],[25.946,12.655],[25.931,12.678],[25.873,12.726],[25.849,12.756],[25.822,12.774],[25.766,12.772],[25.719,12.802],[25.651,12.835],[25.578,12.867],[25.569,12.865],[25.568,12.866],[25.566,12.956],[25.519,12.957],[25.486,12.972],[25.478,12.973],[25.472,12.972],[25.46,12.965],[25.457,12.961],[25.458,12.901],[25.464,12.841],[25.466,12.794],[25.462,12.706],[25.46,12.691],[25.474,12.671],[25.479,12.648],[25.468,12.628],[25.446,12.618],[25.42,12.596],[25.415,12.537],[25.418,12.501],[25.431,12.465],[25.444,12.441],[25.457,12.402],[25.437,12.362],[25.427,12.329],[25.411,12.296],[25.362,12.243],[25.333,12.225],[25.314,12.205],[25.31,12.193],[25.306,12.165],[25.311,12.06],[25.31,12.039],[25.311,12.008],[25.31,11.927],[25.303,11.878],[25.292,11.823],[25.288,11.788],[25.286,11.7],[25.294,11.576],[25.299,11.567],[25.303,11.538],[25.37,11.417],[25.39,11.401],[25.513,11.345],[25.532,11.328],[25.55,11.307],[25.55,11.284],[25.542,11.246],[25.538,11.185],[25.544,11.157],[25.567,11.128],[25.599,11.123],[25.615,11.135],[25.639,11.149],[25.637,11.137],[25.641,11.134],[25.688,11.072],[25.705,11.054],[25.716,11.01],[25.707,10.97],[25.694,10.945],[25.697,10.935],[25.75,10.799],[25.771,10.752],[25.787,10.725],[25.845,10.659],[25.971,10.498],[25.938,10.378],[25.932,10.373],[25.936,10.371],[25.945,10.346],[25.947,10.139],[25.987,10.137],[25.991,10.112],[26.023,10.107],[26.031,10.088],[26.05,10.086],[26.094,10.038],[26.122,9.985],[26.214,9.903],[26.249,9.814],[26.267,9.747],[26.274,9.732],[26.301,9.659],[26.324,9.605],[26.394,9.559],[26.477,9.534],[26.594,9.506],[26.662,9.487],[26.761,9.489],[26.82,9.521],[26.853,9.532],[26.878,9.544],[26.953,9.571],[26.978,9.582],[27.004,9.589],[27.049,9.607],[27.079,9.616],[27.132,9.621],[27.145,9.624],[27.237,9.626],[27.331,9.62],[27.391,9.623],[27.421,9.628],[27.464,9.623],[27.476,9.624],[27.519,9.618],[27.583,9.614],[27.485,9.792],[27.483,9.949],[27.478,10.086],[27.449,10.238],[27.476,10.388],[27.419,10.538],[27.34,10.669],[27.299,10.781],[27.261,10.857],[27.288,10.946],[27.298,11.05],[27.252,11.197],[27.256,11.271],[27.247,11.413],[27.219,11.764]]]}},{"type":"Feature","properties":{"name":"Gedaref"},"geometry":{"type":"Polygon","coordinates":[[[33.989,14.005],[34.0,14.0],[34.003,13.991],[34.018,13.989],[34.03,13.985],[34.04,13.978],[34.041,13.972],[34.041,13.963],[34.047,13.942],[34.05,13.937],[34.055,13.932],[34.061,13.932],[34.067,13.924],[34.071,13.913],[34.08,13.898],[34.077,13.891],[34.08,13.886],[34.085,13.88],[34.088,13.863],[34.094,13.851],[34.095,13.825],[34.098,13.816],[34.104,13.81],[34.124,13.804],[34.129,13.799],[34.128,13.792],[34.132,13.781],[34.143,13.771],[34.148,13.763],[34.15,13.755],[34.16,13.748],[34.261,13.65],[34.289,13.605],[34.374,13.485],[34.402,13.46],[34.471,13.389],[34.566,13.281],[34.575,13.268],[34.576,13.262],[34.586,13.262],[34.589,13.258],[34.599,13.26],[34.604,13.263],[34.611,13.262],[34.617,13.247],[34.621,13.245],[34.628,13.248],[34.642,13.248],[34.642,13.242],[34.638,13.237],[34.64,13.231],[34.643,13.23],[34.643,13.222],[34.641,13.215],[34.645,13.207],[34.651,13.205],[34.657,13.206],[34.661,13.204],[34.662,13.2],[34.674,13.193],[34.678,13.188],[34.688,13.189],[34.693,13.194],[34.698,13.194],[34.703,13.197],[34.712,13.192],[34.716,13.181],[34.724,13.176],[34.725,13.183],[34.724,13.192],[34.729,13.196],[34.739,13.195],[34.745,13.183],[34.749,13.182],[34.754,13.184],[34.761,13.192],[34.769,13.196],[34.777,13.196],[34.782,13.194],[34.787,13.188],[34.793,13.17],[34.803,13.174],[34.814,13.171],[34.818,13.158],[34.817,13.149],[34.822,13.14],[34.839,13.125],[34.84,13.115],[34.837,13.101],[34.847,13.084],[34.849,13.071],[34.86,13.054],[34.862,13.042],[34.867,13.029],[34.876,13.024],[34.885,13.024],[34.891,13.02],[34.89,13.004],[34.899,12.998],[34.93,12.954],[34.972,12.919],[35.003,12.899],[35.018,12.895],[35.037,12.894],[35.055,12.9],[35.078,12.891],[35.108,12.899],[35.136,12.867],[35.179,12.83],[35.232,12.779],[35.273,12.765],[35.341,12.735],[35.412,12.719],[35.507,12.718],[35.569,12.723],[35.579,12.713],[35.589,12.71],[35.606,12.707],[35.612,12.698],[35.62,12.692],[35.632,12.697],[35.645,12.688],[35.65,12.677],[35.673,12.679],[35.679,12.675],[35.686,12.667],[35.695,12.665],[35.7,12.666],[35.709,12.67],[35.713,12.667],[35.723,12.671],[35.73,12.67],[35.734,12.666],[35.736,12.663],[35.735,12.659],[35.737,12.658],[35.741,12.659],[35.743,12.658],[35.753,12.658],[35.762,12.663],[35.767,12.659],[35.768,12.661],[35.765,12.668],[35.768,12.672],[35.771,12.673],[35.774,12.671],[35.775,12.663],[35.991,12.721],[35.999,12.722],[36.005,12.721],[36.019,12.723],[36.044,12.716],[36.061,12.717],[36.068,12.719],[36.083,12.717],[36.099,12.711],[36.108,12.706],[36.112,12.698],[36.112,12.692],[36.109,12.686],[36.134,12.685],[36.137,12.687],[36.151,12.69],[36.169,12.692],[36.174,12.738],[36.182,12.86],[36.182,12.898],[36.177,12.9],[36.163,12.918],[36.155,12.928],[36.151,12.943],[36.159,12.952],[36.16,12.958],[36.156,12.964],[36.162,12.972],[36.163,12.978],[36.17,12.985],[36.171,12.998],[36.175,13.002],[36.197,13.072],[36.233,13.208],[36.251,13.267],[36.255,13.284],[36.269,13.329],[36.276,13.357],[36.284,13.381],[36.369,13.53],[36.371,13.534],[36.378,13.538],[36.382,13.546],[36.386,13.568],[36.41,13.664],[36.451,13.774],[36.454,13.778],[36.463,13.783],[36.476,13.808],[36.487,13.823],[36.492,13.828],[36.498,13.838],[36.459,13.979],[36.47,14.0],[36.53,14.178],[36.536,14.186],[36.547,14.221],[36.521,14.218],[36.497,14.22],[36.461,14.226],[36.436,14.233],[36.422,14.24],[36.398,14.256],[36.353,14.279],[36.33,14.279],[36.29,14.271],[36.225,14.253],[36.185,14.237],[36.157,14.228],[36.075,14.206],[36.033,14.211],[36.018,14.218],[35.99,14.236],[35.973,14.245],[35.915,14.261],[35.902,14.263],[35.887,14.284],[35.879,14.287],[35.866,14.289],[35.861,14.292],[35.858,14.307],[35.86,14.311],[35.857,14.336],[35.854,14.342],[35.858,14.35],[35.86,14.362],[35.87,14.372],[35.88,14.406],[35.883,14.428],[35.888,14.438],[35.892,14.462],[35.893,14.479],[35.882,14.494],[35.874,14.512],[35.876,14.519],[35.882,14.536],[35.891,14.547],[35.9,14.554],[35.903,14.574],[35.894,14.583],[35.889,14.604],[35.892,14.617],[35.887,14.648],[35.883,14.661],[35.892,14.684],[35.915,14.719],[35.915,14.729],[35.922,14.74],[35.934,14.779],[35.924,14.803],[35.92,14.811],[35.915,14.844],[35.917,14.851],[35.807,14.872],[35.745,14.874],[35.729,14.87],[35.612,14.948],[35.271,15.154],[34.774,15.457],[34.72,15.516],[34.694,15.54],[34.604,15.58],[34.519,15.612],[34.381,15.683],[34.084,15.733],[33.987,15.763],[33.799,15.715],[33.799,15.718],[33.759,15.709],[33.734,15.7],[33.714,15.688],[33.704,15.687],[33.68,15.692],[33.668,15.689],[33.661,15.68],[33.627,15.659],[33.622,15.653],[33.62,15.646],[33.617,15.626],[33.611,15.606],[33.599,15.583],[33.579,15.552],[33.576,15.54],[33.57,15.499],[33.569,15.456],[33.575,15.438],[33.581,15.438],[33.598,15.434],[33.634,15.399],[33.643,15.368],[33.648,15.336],[33.65,15.309],[33.652,15.301],[33.661,15.298],[33.713,15.297],[33.735,15.292],[33.764,15.271],[33.774,15.262],[34.042,15.143],[34.286,14.732],[34.26,14.667],[34.032,14.336],[34.003,14.346],[33.994,14.351],[33.989,14.339],[33.989,14.334],[33.992,14.329],[34.015,14.312],[34.036,14.276],[34.04,14.263],[34.015,14.211],[33.991,14.186],[33.979,14.177],[33.955,14.164],[33.932,14.143],[33.931,14.136],[33.933,14.128],[33.963,14.072],[33.974,14.055],[33.986,14.04],[33.991,14.018],[33.989,14.005]]]}},{"type":"Feature","properties":{"name":"Kassala"},"geometry":{"type":"Polygon","coordinates":[[[36.547,14.221],[36.56,14.257],[36.545,14.274],[36.522,14.344],[36.49,14.683],[36.459,14.997],[36.453,15.042],[36.433,15.167],[36.504,15.221],[36.535,15.229],[36.61,15.414],[36.626,15.452],[36.632,15.461],[36.639,15.477],[36.637,15.5],[36.632,15.509],[36.664,15.602],[36.71,15.75],[36.755,15.819],[36.768,15.836],[36.819,15.979],[36.834,16.032],[36.853,16.083],[36.898,16.227],[36.924,16.256],[36.93,16.265],[36.936,16.271],[36.964,16.288],[36.962,16.294],[36.957,16.296],[36.949,16.296],[36.95,16.308],[36.948,16.317],[36.942,16.322],[36.942,16.335],[36.935,16.345],[36.934,16.357],[36.951,16.366],[36.954,16.384],[36.967,16.434],[36.962,16.438],[36.946,16.443],[36.94,16.448],[36.934,16.452],[36.928,16.46],[36.92,16.478],[36.906,16.483],[36.89,16.532],[36.888,16.551],[36.889,16.562],[36.897,16.587],[36.905,16.622],[36.907,16.636],[36.897,16.651],[36.897,16.667],[36.907,16.678],[36.938,16.679],[36.958,16.685],[36.971,16.704],[36.988,16.721],[36.993,16.731],[36.993,16.738],[36.985,16.751],[36.99,16.764],[37.0,16.775],[37.016,16.779],[37.016,16.789],[37.031,16.798],[37.029,16.803],[37.022,16.807],[37.008,16.823],[37.004,16.835],[37.014,16.865],[37.014,16.877],[36.999,16.923],[37.005,16.932],[37.006,16.937],[37.005,16.942],[37.001,16.945],[36.983,16.972],[36.983,16.98],[36.989,16.994],[37.004,17.007],[37.015,17.014],[37.018,17.027],[37.018,17.044],[37.014,17.056],[37.003,17.073],[37.002,17.072],[36.763,17.002],[36.47,17.016],[36.335,17.031],[36.231,17.031],[36.17,17.038],[36.083,17.021],[35.657,17.207],[35.66,17.087],[35.666,16.617],[35.671,16.415],[35.623,16.373],[35.418,16.273],[35.333,16.309],[35.328,16.31],[35.26,16.31],[34.983,16.297],[34.534,16.294],[34.405,16.292],[34.237,16.066],[34.216,16.054],[34.233,16.028],[34.336,15.85],[34.381,15.683],[34.519,15.612],[34.604,15.58],[34.694,15.54],[34.72,15.516],[34.774,15.457],[35.271,15.154],[35.612,14.948],[35.729,14.87],[35.745,14.874],[35.807,14.872],[35.917,14.851],[35.915,14.844],[35.92,14.811],[35.924,14.803],[35.934,14.779],[35.922,14.74],[35.915,14.729],[35.915,14.719],[35.892,14.684],[35.883,14.661],[35.887,14.648],[35.892,14.617],[35.889,14.604],[35.894,14.583],[35.903,14.574],[35.9,14.554],[35.891,14.547],[35.882,14.536],[35.876,14.519],[35.874,14.512],[35.882,14.494],[35.893,14.479],[35.892,14.462],[35.888,14.438],[35.883,14.428],[35.88,14.406],[35.87,14.372],[35.86,14.362],[35.858,14.35],[35.854,14.342],[35.857,14.336],[35.86,14.311],[35.858,14.307],[35.861,14.292],[35.866,14.289],[35.879,14.287],[35.887,14.284],[35.902,14.263],[35.915,14.261],[35.973,14.245],[35.99,14.236],[36.018,14.218],[36.033,14.211],[36.075,14.206],[36.157,14.228],[36.185,14.237],[36.225,14.253],[36.29,14.271],[36.33,14.279],[36.353,14.279],[36.398,14.256],[36.422,14.24],[36.436,14.233],[36.461,14.226],[36.497,14.22],[36.521,14.218],[36.547,14.221]]]}},{"type":"Feature","properties":{"name":"Khartoum"},"geometry":{"type":"Polygon","coordinates":[[[33.569,15.456],[33.57,15.499],[33.576,15.54],[33.579,15.552],[33.599,15.583],[33.611,15.606],[33.617,15.626],[33.62,15.646],[33.622,15.653],[33.627,15.659],[33.661,15.68],[33.668,15.689],[33.68,15.692],[33.704,15.687],[33.714,15.688],[33.734,15.7],[33.759,15.709],[33.799,15.718],[33.799,15.715],[33.987,15.763],[34.084,15.733],[34.381,15.683],[34.336,15.849],[34.233,16.028],[34.216,16.054],[33.969,16.003],[33.665,15.981],[33.531,16.038],[33.436,16.114],[33.281,16.169],[33.276,16.172],[32.806,16.254],[32.693,16.335],[32.541,16.356],[32.486,16.361],[32.257,16.388],[32.183,16.397],[32.174,16.4],[31.886,16.63],[31.698,16.528],[31.824,16.246],[31.977,15.904],[31.994,15.874],[32.005,15.841],[32.1,15.721],[32.224,15.445],[32.234,15.437],[32.356,15.188],[32.435,15.184],[32.434,15.192],[32.436,15.196],[32.44,15.199],[32.442,15.206],[32.443,15.223],[32.451,15.229],[32.468,15.223],[32.482,15.225],[32.54,15.194],[32.541,15.198],[32.577,15.193],[32.615,15.194],[32.63,15.183],[32.675,15.186],[32.67,15.231],[32.661,15.232],[32.661,15.238],[32.669,15.239],[32.664,15.277],[32.708,15.294],[32.678,15.375],[32.714,15.388],[32.707,15.409],[32.722,15.414],[32.749,15.41],[32.753,15.403],[32.756,15.387],[32.774,15.382],[32.778,15.377],[32.78,15.37],[32.782,15.355],[32.785,15.352],[32.799,15.345],[32.845,15.335],[32.872,15.324],[32.883,15.315],[32.901,15.307],[32.915,15.287],[32.927,15.274],[32.939,15.266],[32.951,15.265],[32.963,15.266],[33.022,15.277],[33.041,15.284],[33.075,15.29],[33.115,15.279],[33.149,15.226],[33.169,15.214],[33.185,15.218],[33.198,15.217],[33.207,15.218],[33.213,15.23],[33.215,15.281],[33.214,15.294],[33.268,15.322],[33.309,15.39],[33.369,15.381],[33.379,15.384],[33.419,15.401],[33.486,15.438],[33.528,15.468],[33.569,15.456]]]}},{"type":"Feature","properties":{"name":"North Darfur"},"geometry":{"type":"Polygon","coordinates":[[[24.446,13.127],[24.449,13.125],[24.486,13.122],[24.56,13.114],[24.585,13.108],[24.628,13.102],[24.652,13.106],[24.664,13.112],[24.716,13.107],[24.733,13.099],[24.759,13.099],[24.778,13.089],[24.791,13.072],[24.828,13.055],[24.851,13.04],[24.879,13.025],[24.9,13.017],[24.923,13.01],[24.94,13.0],[24.951,12.983],[24.981,12.953],[25.013,12.949],[25.092,12.945],[25.16,12.969],[25.205,12.978],[25.24,12.974],[25.266,12.952],[25.301,12.967],[25.33,12.963],[25.366,12.976],[25.391,12.97],[25.43,12.966],[25.439,12.965],[25.458,12.969],[25.457,12.961],[25.46,12.965],[25.472,12.972],[25.478,12.973],[25.486,12.972],[25.519,12.957],[25.566,12.956],[25.568,12.866],[25.569,12.865],[25.578,12.867],[25.651,12.835],[25.719,12.802],[25.766,12.772],[25.822,12.774],[25.849,12.756],[25.873,12.726],[25.931,12.678],[25.946,12.655],[25.967,12.615],[25.987,12.58],[25.997,12.568],[26.081,12.502],[26.092,12.486],[26.092,12.427],[26.089,12.411],[26.051,12.409],[26.017,12.416],[25.969,12.392],[25.955,12.392],[25.917,12.4],[25.89,12.379],[25.89,12.375],[25.898,12.347],[25.952,12.289],[25.958,12.264],[25.96,12.236],[25.972,12.216],[25.989,12.214],[26.02,12.216],[26.033,12.209],[26.034,12.186],[26.078,12.107],[26.167,12.09],[26.178,12.066],[26.201,12.038],[26.216,11.996],[26.208,11.941],[26.236,11.933],[26.351,11.877],[26.539,11.859],[26.636,11.843],[26.703,11.807],[26.743,11.79],[26.753,11.782],[26.761,11.77],[26.766,11.767],[26.806,11.752],[26.822,11.75],[26.878,11.748],[26.894,11.752],[26.915,11.76],[26.95,11.776],[26.969,11.781],[26.992,11.785],[27.059,11.79],[27.16,11.787],[27.219,11.764],[27.182,11.882],[27.143,11.964],[27.1,12.046],[27.064,12.102],[27.067,12.137],[27.075,12.183],[27.082,12.238],[27.083,12.323],[27.076,12.393],[27.083,12.401],[27.126,12.579],[27.13,12.621],[27.123,12.686],[27.132,12.844],[27.138,12.909],[27.162,12.956],[27.24,13.044],[27.358,13.17],[27.348,13.202],[27.353,13.216],[27.367,13.223],[27.378,13.237],[27.382,13.269],[27.385,13.342],[27.518,13.493],[27.543,13.545],[27.546,13.611],[27.541,13.644],[27.536,13.649],[27.529,13.65],[27.524,13.661],[27.497,13.704],[27.455,13.74],[27.455,13.746],[27.468,13.823],[27.48,13.983],[27.471,14.021],[27.444,14.097],[27.419,14.1],[27.342,14.101],[27.343,14.256],[27.339,14.27],[27.339,14.279],[27.323,14.345],[27.312,14.378],[27.275,14.516],[27.199,14.804],[27.12,14.918],[27.07,15.078],[27.045,15.365],[27.005,15.837],[26.97,16.217],[26.941,16.523],[26.941,16.53],[27.493,16.526],[27.495,18.715],[27.496,19.724],[27.496,20.008],[25.003,20.021],[25.003,20.007],[24.0,20.007],[24.001,19.565],[24.002,19.073],[24.002,18.654],[24.003,18.05],[24.0,16.819],[24.003,16.763],[24.004,16.294],[23.999,15.973],[24.0,15.738],[23.999,15.714],[23.966,15.712],[23.935,15.718],[23.897,15.727],[23.869,15.73],[23.833,15.748],[23.816,15.752],[23.784,15.753],[23.751,15.751],[23.725,15.753],[23.7,15.761],[23.677,15.763],[23.603,15.766],[23.582,15.763],[23.545,15.756],[23.512,15.746],[23.48,15.732],[23.464,15.723],[23.451,15.718],[23.443,15.712],[23.427,15.707],[23.368,15.698],[23.361,15.695],[23.337,15.693],[23.329,15.694],[23.277,15.704],[23.262,15.704],[23.199,15.715],[23.186,15.713],[23.174,15.713],[23.146,15.718],[23.138,15.717],[23.12,15.717],[23.11,15.714],[23.096,15.704],[23.09,15.696],[23.086,15.684],[23.075,15.673],[23.054,15.659],[23.043,15.646],[23.039,15.638],[23.027,15.624],[23.02,15.619],[22.996,15.596],[22.981,15.586],[22.955,15.578],[22.927,15.554],[22.925,15.551],[22.923,15.541],[22.925,15.509],[22.922,15.49],[22.929,15.468],[22.939,15.457],[22.949,15.453],[22.96,15.444],[22.969,15.435],[22.973,15.426],[22.989,15.412],[22.988,15.4],[22.99,15.389],[22.989,15.374],[23.002,15.33],[23.003,15.324],[23.002,15.312],[23.0,15.305],[22.995,15.296],[22.992,15.284],[22.995,15.273],[22.993,15.258],[22.999,15.243],[23.0,15.237],[22.997,15.228],[22.993,15.222],[22.987,15.217],[22.982,15.208],[22.978,15.201],[22.977,15.195],[22.967,15.185],[22.945,15.177],[22.937,15.173],[22.929,15.157],[22.925,15.141],[22.927,15.135],[22.934,15.123],[22.936,15.113],[22.934,15.104],[22.927,15.091],[22.919,15.089],[22.913,15.088],[22.895,15.09],[22.877,15.089],[22.861,15.08],[22.862,15.068],[22.861,15.057],[22.856,15.05],[22.825,15.037],[22.816,15.036],[22.812,15.032],[22.806,15.021],[22.801,15.019],[22.792,15.002],[22.792,14.996],[22.788,14.985],[22.783,14.984],[22.876,14.899],[22.838,14.704],[22.818,14.56],[22.903,14.503],[23.01,14.549],[23.114,14.418],[23.142,14.358],[23.139,14.32],[23.117,14.238],[23.106,14.218],[23.122,14.202],[23.135,14.184],[23.157,14.159],[23.186,14.159],[23.221,14.165],[23.221,14.146],[23.208,14.105],[23.218,14.088],[23.247,14.011],[23.243,13.991],[23.231,13.978],[23.205,13.959],[23.192,13.955],[23.168,13.929],[23.149,13.9],[23.123,13.831],[23.121,13.804],[23.101,13.758],[23.103,13.757],[23.101,13.752],[23.208,13.716],[23.207,13.71],[23.178,13.704],[23.177,13.701],[23.182,13.608],[23.182,13.593],[23.18,13.588],[23.174,13.585],[23.165,13.585],[23.158,13.587],[23.152,13.585],[23.139,13.566],[23.14,13.555],[23.146,13.547],[23.163,13.539],[23.178,13.535],[23.188,13.524],[23.191,13.514],[23.19,13.487],[23.182,13.472],[23.185,13.47],[23.182,13.464],[23.205,13.446],[23.225,13.429],[23.232,13.426],[23.243,13.426],[23.262,13.43],[23.301,13.455],[23.322,13.47],[23.354,13.479],[23.377,13.5],[23.398,13.499],[23.436,13.55],[23.464,13.553],[23.494,13.559],[23.505,13.554],[23.528,13.537],[23.548,13.526],[23.571,13.52],[23.583,13.513],[23.603,13.504],[23.627,13.49],[23.672,13.476],[23.688,13.475],[23.718,13.469],[23.769,13.445],[23.781,13.393],[23.806,13.38],[23.834,13.373],[23.882,13.371],[23.908,13.39],[23.928,13.373],[23.97,13.35],[23.993,13.342],[24.001,13.341],[24.028,13.331],[24.032,13.317],[24.102,13.24],[24.127,13.265],[24.13,13.27],[24.248,13.265],[24.269,13.351],[24.421,13.4],[24.468,13.417],[24.543,13.415],[24.577,13.416],[24.683,13.431],[24.713,13.397],[24.715,13.385],[24.64,13.263],[24.642,13.253],[24.639,13.248],[24.63,13.245],[24.621,13.23],[24.616,13.227],[24.609,13.228],[24.592,13.212],[24.563,13.203],[24.555,13.199],[24.545,13.186],[24.526,13.182],[24.485,13.162],[24.451,13.143],[24.446,13.131],[24.446,13.127]]]}},{"type":"Feature","properties":{"name":"North Kordofan"},"geometry":{"type":"Polygon","coordinates":[[[31.698,16.528],[31.335,16.525],[30.918,16.525],[30.4,16.525],[30.076,16.525],[29.579,16.525],[29.343,16.525],[28.64,16.525],[28.248,16.525],[27.493,16.526],[26.941,16.53],[26.941,16.523],[26.97,16.217],[27.005,15.837],[27.045,15.365],[27.07,15.078],[27.12,14.918],[27.199,14.804],[27.275,14.516],[27.312,14.378],[27.323,14.345],[27.339,14.279],[27.339,14.27],[27.343,14.256],[27.342,14.101],[27.419,14.1],[27.444,14.097],[27.481,14.092],[27.497,14.118],[27.773,14.119],[27.824,14.058],[27.837,14.061],[27.86,14.073],[27.873,14.064],[27.876,14.059],[27.879,14.058],[27.88,14.061],[27.87,14.07],[27.863,14.08],[27.863,14.084],[27.908,14.082],[27.913,14.074],[27.914,14.069],[27.911,14.068],[27.903,14.071],[27.899,14.074],[27.898,14.071],[27.907,14.063],[27.92,14.056],[27.959,14.051],[27.988,14.055],[27.995,14.08],[27.987,14.094],[27.986,14.105],[27.989,14.119],[28.003,14.123],[28.013,14.122],[28.02,14.115],[28.073,14.069],[28.081,14.056],[28.08,14.051],[28.074,14.05],[28.07,14.051],[28.068,14.049],[28.067,14.038],[28.051,14.019],[28.057,13.983],[28.125,13.956],[28.197,13.97],[28.253,14.026],[28.307,14.005],[28.324,13.992],[28.366,13.987],[28.486,13.934],[28.497,13.934],[28.6,13.898],[28.638,13.86],[28.659,13.859],[28.669,13.868],[28.674,13.867],[28.678,13.859],[28.704,13.859],[28.71,13.843],[28.723,13.848],[28.733,13.849],[28.736,13.846],[28.744,13.828],[28.747,13.812],[28.767,13.811],[28.801,13.858],[28.872,13.857],[28.872,13.776],[28.96,13.742],[28.992,13.719],[29.027,13.712],[29.075,13.689],[29.107,13.687],[29.219,13.551],[29.268,13.528],[29.26,13.502],[29.284,13.494],[29.29,13.49],[29.302,13.479],[29.382,13.436],[29.394,13.433],[29.402,13.439],[29.411,13.439],[29.415,13.429],[29.516,13.407],[29.527,13.356],[29.52,13.255],[29.532,13.165],[29.546,13.101],[29.565,13.088],[29.588,13.089],[29.637,13.002],[29.635,12.999],[29.703,12.907],[29.723,12.877],[29.784,12.752],[29.788,12.749],[29.788,12.746],[29.806,12.738],[29.844,12.731],[29.851,12.729],[29.86,12.724],[29.931,12.725],[29.971,12.72],[30.009,12.708],[30.012,12.704],[30.012,12.699],[30.002,12.672],[30.003,12.644],[30.013,12.626],[30.024,12.615],[30.036,12.595],[30.036,12.549],[30.039,12.53],[30.044,12.52],[30.039,12.507],[30.032,12.496],[30.03,12.488],[30.031,12.476],[30.041,12.447],[30.05,12.443],[30.071,12.447],[30.088,12.456],[30.125,12.482],[30.136,12.49],[30.16,12.501],[30.227,12.526],[30.27,12.533],[30.329,12.537],[30.359,12.527],[30.374,12.514],[30.37,12.51],[30.38,12.499],[30.406,12.475],[30.413,12.471],[30.416,12.473],[30.414,12.474],[30.418,12.472],[30.421,12.474],[30.45,12.45],[30.458,12.43],[30.458,12.427],[30.466,12.411],[30.468,12.403],[30.477,12.385],[30.506,12.311],[30.559,12.261],[30.563,12.259],[30.563,12.254],[30.589,12.257],[30.591,12.26],[30.621,12.26],[30.711,12.269],[30.735,12.281],[30.768,12.294],[30.811,12.315],[30.845,12.327],[30.89,12.339],[30.919,12.341],[30.928,12.346],[30.943,12.378],[30.958,12.382],[31.002,12.381],[31.021,12.383],[31.021,12.388],[31.025,12.395],[31.025,12.404],[31.021,12.419],[31.027,12.448],[31.027,12.472],[31.02,12.495],[31.013,12.531],[31.002,12.56],[30.991,12.58],[30.976,12.6],[30.98,12.607],[30.987,12.611],[31.019,12.604],[31.034,12.606],[31.109,12.621],[31.121,12.622],[31.157,12.611],[31.175,12.609],[31.194,12.611],[31.209,12.618],[31.242,12.616],[31.27,12.625],[31.3,12.628],[31.315,12.632],[31.336,12.643],[31.361,12.648],[31.392,12.654],[31.438,12.658],[31.543,12.635],[31.664,12.602],[31.681,12.602],[31.673,12.669],[31.669,12.718],[31.696,12.776],[31.693,12.81],[31.687,12.866],[31.696,12.893],[31.709,12.921],[31.736,12.954],[31.738,12.969],[31.731,12.988],[31.741,13.011],[31.762,13.027],[31.783,13.033],[31.834,13.083],[31.848,13.105],[31.917,13.138],[31.943,13.153],[31.97,13.162],[31.994,13.16],[32.026,13.223],[32.016,13.261],[32.006,13.281],[31.991,13.317],[31.983,13.38],[32.023,13.416],[32.025,13.451],[32.03,13.461],[32.035,13.475],[32.017,13.498],[31.997,13.497],[31.977,13.494],[31.966,13.501],[31.951,13.531],[31.953,13.556],[31.873,13.624],[31.815,13.786],[31.786,13.872],[31.594,14.008],[31.562,14.07],[31.535,14.17],[31.529,14.307],[31.588,14.44],[31.59,14.463],[31.601,14.511],[31.601,14.55],[31.604,14.569],[31.602,14.599],[31.608,14.614],[31.691,14.677],[31.693,14.695],[31.704,14.698],[31.708,14.695],[31.763,14.663],[31.86,14.74],[31.878,14.757],[31.901,14.852],[31.893,14.859],[31.894,14.883],[31.91,14.884],[31.931,14.881],[31.954,14.967],[32.043,14.967],[32.049,14.968],[32.052,14.981],[32.072,14.987],[32.071,15.026],[32.044,15.028],[32.043,15.051],[32.352,15.177],[32.356,15.188],[32.234,15.437],[32.224,15.445],[32.1,15.721],[32.005,15.841],[31.994,15.874],[31.977,15.904],[31.824,16.246],[31.698,16.528]]]}},{"type":"Feature","properties":{"name":"Northern"},"geometry":{"type":"Polygon","coordinates":[[[31.886,16.63],[32.034,16.842],[32.385,17.328],[32.305,17.527],[32.198,17.845],[32.184,17.854],[32.268,18.06],[32.265,18.061],[32.339,18.202],[32.477,18.336],[32.553,18.391],[32.653,18.491],[32.654,18.497],[32.259,18.891],[32.281,19.161],[32.313,19.608],[32.316,19.634],[32.318,19.683],[32.328,19.887],[32.353,20.416],[32.375,20.878],[32.394,21.306],[32.405,21.916],[32.408,21.998],[31.758,21.999],[31.408,22.0],[31.413,22.034],[31.433,22.076],[31.456,22.115],[31.495,22.149],[31.516,22.186],[31.494,22.2],[31.486,22.218],[31.474,22.225],[31.415,22.185],[31.378,22.144],[31.35,22.104],[31.341,22.055],[31.318,22.001],[31.305,22.0],[30.896,21.996],[30.483,21.997],[30.078,21.999],[29.681,22.0],[29.274,22.0],[28.875,22.0],[28.472,21.999],[28.073,22.0],[27.672,21.999],[27.262,21.999],[26.855,21.999],[26.448,21.999],[26.043,21.999],[25.643,22.0],[24.999,22.0],[25.001,21.75],[25.0,21.477],[24.998,21.201],[25.0,20.93],[24.999,20.66],[25.003,20.021],[27.496,20.008],[27.496,19.724],[27.495,18.715],[27.493,16.526],[28.248,16.525],[28.64,16.525],[29.343,16.525],[29.579,16.525],[30.076,16.525],[30.4,16.525],[30.918,16.525],[31.335,16.525],[31.698,16.528],[31.886,16.63]]]}},{"type":"Feature","properties":{"name":"Red Sea"},"geometry":{"type":"Polygon","coordinates":[[[37.003,17.073],[37.035,17.104],[37.044,17.102],[37.056,17.092],[37.067,17.093],[37.07,17.089],[37.077,17.087],[37.084,17.087],[37.091,17.092],[37.096,17.092],[37.114,17.082],[37.117,17.081],[37.12,17.071],[37.127,17.061],[37.134,17.061],[37.174,17.067],[37.197,17.066],[37.201,17.067],[37.208,17.075],[37.222,17.082],[37.228,17.082],[37.241,17.078],[37.249,17.077],[37.269,17.085],[37.287,17.085],[37.298,17.089],[37.308,17.097],[37.315,17.098],[37.343,17.082],[37.355,17.066],[37.381,17.055],[37.385,17.056],[37.387,17.056],[37.391,17.052],[37.395,17.053],[37.396,17.056],[37.399,17.058],[37.406,17.083],[37.411,17.087],[37.411,17.097],[37.418,17.104],[37.426,17.105],[37.436,17.103],[37.443,17.117],[37.449,17.122],[37.454,17.131],[37.457,17.141],[37.461,17.143],[37.464,17.149],[37.472,17.181],[37.48,17.189],[37.489,17.193],[37.505,17.195],[37.508,17.197],[37.512,17.204],[37.501,17.218],[37.494,17.22],[37.491,17.224],[37.491,17.231],[37.494,17.237],[37.502,17.238],[37.503,17.242],[37.499,17.248],[37.5,17.255],[37.513,17.26],[37.516,17.268],[37.506,17.281],[37.499,17.309],[37.501,17.315],[37.508,17.32],[37.512,17.334],[37.519,17.336],[37.528,17.343],[37.612,17.376],[37.745,17.382],[37.749,17.387],[37.754,17.383],[37.758,17.383],[37.76,17.382],[37.764,17.385],[37.766,17.391],[37.767,17.405],[37.772,17.415],[37.772,17.431],[37.785,17.443],[37.781,17.468],[37.773,17.484],[37.776,17.482],[37.779,17.483],[37.789,17.493],[37.795,17.49],[37.799,17.494],[37.806,17.494],[37.821,17.501],[37.839,17.503],[37.841,17.499],[37.856,17.492],[37.86,17.483],[37.861,17.467],[37.867,17.457],[37.876,17.453],[37.892,17.454],[37.905,17.458],[37.915,17.457],[37.923,17.461],[37.93,17.467],[37.945,17.474],[37.959,17.478],[37.967,17.485],[37.977,17.489],[37.977,17.494],[37.974,17.499],[37.973,17.506],[37.977,17.517],[37.989,17.533],[38.004,17.559],[38.008,17.558],[38.01,17.552],[38.013,17.547],[38.017,17.546],[38.025,17.546],[38.03,17.547],[38.051,17.558],[38.061,17.566],[38.067,17.559],[38.067,17.557],[38.07,17.524],[38.071,17.482],[38.098,17.48],[38.109,17.476],[38.103,17.495],[38.102,17.518],[38.11,17.533],[38.109,17.544],[38.11,17.555],[38.11,17.561],[38.113,17.563],[38.131,17.572],[38.163,17.571],[38.178,17.581],[38.188,17.568],[38.194,17.548],[38.197,17.544],[38.203,17.554],[38.214,17.563],[38.238,17.552],[38.244,17.555],[38.258,17.558],[38.266,17.562],[38.267,17.577],[38.272,17.58],[38.276,17.593],[38.281,17.625],[38.295,17.638],[38.345,17.649],[38.357,17.672],[38.354,17.675],[38.353,17.679],[38.354,17.685],[38.364,17.694],[38.371,17.709],[38.385,17.726],[38.389,17.737],[38.388,17.754],[38.452,17.9],[38.547,17.99],[38.561,18.001],[38.567,18.0],[38.567,18.001],[38.567,18.001],[38.562,18.001],[38.567,18.001],[38.571,18.008],[38.573,18.011],[38.58,18.012],[38.582,18.016],[38.58,18.026],[38.574,18.029],[38.571,18.024],[38.568,18.023],[38.565,18.024],[38.561,18.029],[38.558,18.029],[38.555,18.032],[38.558,18.033],[38.556,18.036],[38.558,18.038],[38.564,18.039],[38.565,18.04],[38.557,18.041],[38.555,18.042],[38.56,18.045],[38.562,18.042],[38.561,18.054],[38.548,18.072],[38.548,18.075],[38.545,18.078],[38.543,18.085],[38.54,18.088],[38.533,18.089],[38.531,18.093],[38.521,18.101],[38.513,18.103],[38.512,18.105],[38.513,18.107],[38.507,18.116],[38.504,18.115],[38.504,18.109],[38.502,18.107],[38.508,18.106],[38.507,18.1],[38.511,18.101],[38.517,18.097],[38.518,18.085],[38.517,18.075],[38.524,18.072],[38.527,18.068],[38.524,18.065],[38.518,18.069],[38.511,18.06],[38.5,18.053],[38.495,18.053],[38.483,18.061],[38.488,18.066],[38.488,18.071],[38.483,18.073],[38.48,18.073],[38.48,18.081],[38.477,18.082],[38.468,18.08],[38.462,18.083],[38.459,18.087],[38.459,18.096],[38.458,18.1],[38.454,18.103],[38.455,18.106],[38.458,18.106],[38.466,18.099],[38.47,18.099],[38.47,18.096],[38.466,18.096],[38.466,18.094],[38.473,18.092],[38.482,18.099],[38.477,18.104],[38.479,18.108],[38.476,18.106],[38.466,18.113],[38.464,18.122],[38.461,18.125],[38.459,18.121],[38.457,18.12],[38.455,18.126],[38.451,18.114],[38.452,18.106],[38.44,18.101],[38.436,18.104],[38.433,18.108],[38.429,18.111],[38.42,18.113],[38.42,18.108],[38.417,18.115],[38.412,18.113],[38.408,18.12],[38.405,18.121],[38.404,18.131],[38.405,18.137],[38.398,18.144],[38.398,18.154],[38.394,18.156],[38.397,18.164],[38.403,18.161],[38.405,18.163],[38.406,18.173],[38.402,18.183],[38.397,18.188],[38.391,18.191],[38.388,18.197],[38.382,18.201],[38.374,18.205],[38.366,18.206],[38.356,18.205],[38.352,18.202],[38.347,18.196],[38.347,18.19],[38.349,18.188],[38.357,18.188],[38.36,18.182],[38.366,18.178],[38.341,18.173],[38.314,18.187],[38.306,18.186],[38.303,18.188],[38.297,18.189],[38.293,18.194],[38.287,18.197],[38.279,18.202],[38.269,18.206],[38.267,18.211],[38.27,18.22],[38.27,18.224],[38.272,18.225],[38.278,18.237],[38.282,18.238],[38.282,18.242],[38.281,18.246],[38.276,18.252],[38.266,18.259],[38.268,18.262],[38.272,18.263],[38.291,18.262],[38.288,18.255],[38.291,18.254],[38.313,18.254],[38.319,18.257],[38.318,18.262],[38.316,18.265],[38.307,18.268],[38.302,18.271],[38.312,18.275],[38.315,18.282],[38.312,18.287],[38.308,18.288],[38.302,18.287],[38.299,18.284],[38.301,18.274],[38.3,18.273],[38.293,18.282],[38.288,18.298],[38.282,18.302],[38.275,18.301],[38.27,18.294],[38.272,18.288],[38.275,18.283],[38.284,18.277],[38.283,18.273],[38.275,18.273],[38.271,18.277],[38.264,18.279],[38.259,18.278],[38.247,18.266],[38.246,18.259],[38.247,18.255],[38.252,18.252],[38.258,18.25],[38.257,18.24],[38.254,18.236],[38.247,18.23],[38.234,18.224],[38.228,18.225],[38.214,18.223],[38.206,18.229],[38.197,18.227],[38.198,18.231],[38.196,18.233],[38.197,18.236],[38.193,18.24],[38.189,18.24],[38.192,18.246],[38.189,18.252],[38.184,18.252],[38.18,18.25],[38.179,18.244],[38.19,18.232],[38.188,18.229],[38.178,18.233],[38.169,18.235],[38.164,18.235],[38.159,18.232],[38.154,18.237],[38.156,18.24],[38.155,18.242],[38.162,18.248],[38.163,18.252],[38.154,18.258],[38.151,18.256],[38.148,18.246],[38.136,18.256],[38.119,18.263],[38.117,18.267],[38.11,18.272],[38.103,18.285],[38.1,18.288],[38.1,18.294],[38.104,18.287],[38.107,18.286],[38.11,18.289],[38.113,18.294],[38.108,18.301],[38.107,18.3],[38.106,18.303],[38.109,18.308],[38.101,18.31],[38.095,18.308],[38.09,18.315],[38.087,18.323],[38.092,18.33],[38.086,18.337],[38.081,18.353],[38.081,18.362],[38.086,18.384],[38.098,18.397],[38.108,18.398],[38.12,18.403],[38.121,18.411],[38.114,18.418],[38.088,18.432],[38.075,18.435],[38.066,18.444],[38.048,18.453],[38.04,18.459],[38.033,18.461],[38.027,18.469],[38.008,18.487],[37.998,18.493],[37.992,18.507],[37.973,18.535],[37.96,18.545],[37.946,18.562],[37.931,18.572],[37.902,18.586],[37.885,18.591],[37.876,18.595],[37.87,18.599],[37.861,18.599],[37.856,18.601],[37.838,18.605],[37.803,18.617],[37.797,18.622],[37.791,18.633],[37.784,18.637],[37.781,18.642],[37.77,18.65],[37.766,18.662],[37.769,18.666],[37.753,18.68],[37.745,18.682],[37.745,18.688],[37.751,18.694],[37.746,18.701],[37.74,18.709],[37.728,18.711],[37.714,18.706],[37.698,18.71],[37.681,18.719],[37.684,18.724],[37.682,18.727],[37.678,18.727],[37.676,18.736],[37.668,18.732],[37.662,18.724],[37.642,18.718],[37.639,18.715],[37.637,18.718],[37.631,18.719],[37.626,18.712],[37.619,18.717],[37.597,18.712],[37.584,18.713],[37.573,18.709],[37.568,18.709],[37.562,18.715],[37.559,18.713],[37.555,18.717],[37.55,18.715],[37.542,18.717],[37.533,18.723],[37.525,18.733],[37.524,18.738],[37.518,18.739],[37.508,18.748],[37.503,18.749],[37.5,18.756],[37.493,18.759],[37.491,18.766],[37.482,18.775],[37.483,18.783],[37.472,18.792],[37.471,18.797],[37.459,18.815],[37.449,18.824],[37.447,18.822],[37.445,18.823],[37.447,18.826],[37.442,18.834],[37.437,18.837],[37.428,18.845],[37.429,18.846],[37.427,18.857],[37.418,18.871],[37.413,18.87],[37.409,18.873],[37.413,18.883],[37.413,18.898],[37.417,18.91],[37.409,18.926],[37.41,18.934],[37.398,18.944],[37.395,18.962],[37.397,18.979],[37.401,18.979],[37.402,18.965],[37.407,18.984],[37.405,18.995],[37.404,18.993],[37.403,18.999],[37.395,18.998],[37.394,19.004],[37.395,19.009],[37.392,19.01],[37.394,19.014],[37.392,19.02],[37.393,19.024],[37.385,19.036],[37.381,19.039],[37.382,19.047],[37.379,19.05],[37.377,19.063],[37.375,19.059],[37.37,19.058],[37.368,19.061],[37.37,19.072],[37.373,19.072],[37.374,19.075],[37.367,19.076],[37.364,19.082],[37.366,19.083],[37.367,19.096],[37.361,19.102],[37.358,19.109],[37.357,19.116],[37.354,19.12],[37.357,19.121],[37.357,19.124],[37.354,19.124],[37.353,19.121],[37.35,19.119],[37.342,19.116],[37.344,19.114],[37.341,19.113],[37.34,19.11],[37.342,19.108],[37.337,19.105],[37.334,19.109],[37.329,19.111],[37.333,19.117],[37.332,19.119],[37.335,19.128],[37.336,19.123],[37.342,19.121],[37.351,19.124],[37.358,19.134],[37.356,19.138],[37.351,19.14],[37.345,19.141],[37.339,19.139],[37.339,19.164],[37.336,19.168],[37.33,19.192],[37.334,19.199],[37.333,19.201],[37.335,19.202],[37.336,19.208],[37.333,19.216],[37.331,19.234],[37.325,19.247],[37.326,19.249],[37.322,19.259],[37.327,19.259],[37.325,19.267],[37.325,19.27],[37.327,19.273],[37.327,19.291],[37.329,19.296],[37.327,19.298],[37.325,19.296],[37.323,19.297],[37.324,19.29],[37.323,19.281],[37.321,19.295],[37.318,19.301],[37.319,19.306],[37.316,19.311],[37.317,19.315],[37.315,19.317],[37.315,19.319],[37.311,19.32],[37.31,19.322],[37.309,19.328],[37.309,19.33],[37.316,19.329],[37.316,19.333],[37.318,19.335],[37.32,19.333],[37.32,19.331],[37.321,19.34],[37.325,19.337],[37.324,19.343],[37.326,19.35],[37.323,19.362],[37.319,19.369],[37.317,19.381],[37.314,19.385],[37.314,19.392],[37.311,19.398],[37.307,19.4],[37.309,19.404],[37.307,19.407],[37.307,19.421],[37.3,19.43],[37.3,19.444],[37.295,19.449],[37.292,19.461],[37.287,19.465],[37.281,19.48],[37.291,19.47],[37.296,19.472],[37.297,19.482],[37.289,19.492],[37.282,19.498],[37.282,19.505],[37.279,19.51],[37.274,19.506],[37.276,19.512],[37.273,19.515],[37.272,19.514],[37.271,19.517],[37.267,19.518],[37.264,19.52],[37.268,19.52],[37.27,19.522],[37.269,19.527],[37.246,19.556],[37.246,19.562],[37.248,19.563],[37.249,19.568],[37.246,19.575],[37.241,19.574],[37.243,19.58],[37.237,19.6],[37.239,19.603],[37.241,19.618],[37.24,19.652],[37.237,19.656],[37.233,19.656],[37.238,19.66],[37.236,19.665],[37.238,19.665],[37.24,19.669],[37.238,19.675],[37.241,19.684],[37.245,19.685],[37.247,19.682],[37.249,19.675],[37.247,19.673],[37.244,19.663],[37.247,19.66],[37.25,19.663],[37.257,19.674],[37.261,19.684],[37.259,19.691],[37.26,19.693],[37.258,19.688],[37.258,19.699],[37.262,19.702],[37.263,19.709],[37.26,19.738],[37.262,19.746],[37.261,19.753],[37.264,19.767],[37.262,19.771],[37.262,19.784],[37.258,19.784],[37.253,19.78],[37.258,19.786],[37.26,19.797],[37.266,19.805],[37.268,19.825],[37.267,19.829],[37.264,19.834],[37.269,19.84],[37.269,19.844],[37.266,19.846],[37.264,19.838],[37.262,19.841],[37.26,19.838],[37.259,19.834],[37.256,19.833],[37.254,19.838],[37.257,19.841],[37.259,19.841],[37.26,19.847],[37.254,19.849],[37.254,19.853],[37.258,19.861],[37.252,19.869],[37.254,19.87],[37.253,19.873],[37.251,19.873],[37.239,19.894],[37.238,19.892],[37.235,19.892],[37.235,19.897],[37.229,19.898],[37.228,19.9],[37.233,19.902],[37.227,19.912],[37.225,19.912],[37.223,19.923],[37.218,19.935],[37.218,19.939],[37.212,19.943],[37.213,19.938],[37.212,19.937],[37.206,19.943],[37.205,19.943],[37.212,19.947],[37.209,19.965],[37.202,19.969],[37.198,19.977],[37.198,19.981],[37.196,19.983],[37.195,20.003],[37.194,20.005],[37.192,20.003],[37.187,20.003],[37.183,19.999],[37.181,20.005],[37.181,20.007],[37.183,20.007],[37.185,20.005],[37.189,20.005],[37.192,20.007],[37.193,20.013],[37.19,20.017],[37.19,20.021],[37.187,20.021],[37.184,20.026],[37.183,20.026],[37.182,20.036],[37.186,20.039],[37.187,20.042],[37.194,20.046],[37.199,20.053],[37.201,20.053],[37.203,20.052],[37.2,20.049],[37.199,20.041],[37.196,20.034],[37.199,20.036],[37.2,20.042],[37.205,20.047],[37.209,20.052],[37.209,20.057],[37.213,20.06],[37.212,20.066],[37.215,20.069],[37.217,20.076],[37.216,20.079],[37.218,20.09],[37.217,20.106],[37.218,20.114],[37.215,20.124],[37.217,20.13],[37.215,20.137],[37.214,20.156],[37.208,20.177],[37.214,20.179],[37.211,20.184],[37.21,20.193],[37.205,20.204],[37.205,20.223],[37.202,20.225],[37.199,20.22],[37.193,20.216],[37.193,20.225],[37.195,20.233],[37.2,20.24],[37.204,20.232],[37.206,20.243],[37.206,20.277],[37.202,20.291],[37.193,20.306],[37.196,20.311],[37.194,20.323],[37.194,20.336],[37.191,20.336],[37.19,20.331],[37.188,20.333],[37.19,20.343],[37.189,20.347],[37.194,20.358],[37.192,20.367],[37.189,20.371],[37.201,20.385],[37.204,20.393],[37.208,20.397],[37.208,20.404],[37.199,20.421],[37.199,20.426],[37.193,20.431],[37.191,20.436],[37.189,20.453],[37.192,20.461],[37.202,20.466],[37.206,20.46],[37.209,20.463],[37.218,20.464],[37.221,20.46],[37.235,20.463],[37.237,20.467],[37.235,20.478],[37.231,20.482],[37.232,20.494],[37.24,20.526],[37.241,20.543],[37.239,20.547],[37.24,20.553],[37.237,20.567],[37.233,20.57],[37.232,20.575],[37.226,20.588],[37.223,20.598],[37.212,20.615],[37.208,20.617],[37.213,20.619],[37.208,20.629],[37.209,20.644],[37.208,20.651],[37.2,20.66],[37.193,20.662],[37.19,20.673],[37.187,20.68],[37.187,20.686],[37.18,20.687],[37.179,20.692],[37.182,20.697],[37.179,20.708],[37.181,20.709],[37.18,20.714],[37.184,20.724],[37.184,20.73],[37.183,20.736],[37.177,20.746],[37.179,20.752],[37.178,20.753],[37.176,20.75],[37.173,20.75],[37.174,20.755],[37.18,20.756],[37.181,20.76],[37.177,20.772],[37.177,20.784],[37.175,20.785],[37.171,20.779],[37.169,20.779],[37.172,20.785],[37.176,20.788],[37.172,20.794],[37.172,20.801],[37.17,20.793],[37.168,20.796],[37.17,20.82],[37.169,20.836],[37.172,20.846],[37.169,20.853],[37.173,20.858],[37.169,20.863],[37.17,20.878],[37.168,20.889],[37.167,20.892],[37.163,20.893],[37.158,20.898],[37.159,20.902],[37.162,20.906],[37.161,20.91],[37.163,20.915],[37.16,20.92],[37.158,20.927],[37.157,20.924],[37.154,20.925],[37.154,20.929],[37.157,20.93],[37.156,20.933],[37.154,20.931],[37.148,20.932],[37.151,20.935],[37.155,20.936],[37.153,20.943],[37.148,20.945],[37.144,20.951],[37.142,20.961],[37.143,20.966],[37.137,20.976],[37.133,20.978],[37.135,20.985],[37.129,20.988],[37.13,20.994],[37.117,21.01],[37.111,21.011],[37.108,21.019],[37.111,21.027],[37.108,21.031],[37.104,21.034],[37.099,21.034],[37.095,21.038],[37.094,21.052],[37.092,21.055],[37.091,21.059],[37.094,21.061],[37.093,21.074],[37.098,21.077],[37.102,21.077],[37.103,21.075],[37.107,21.075],[37.109,21.072],[37.11,21.069],[37.114,21.069],[37.118,21.072],[37.121,21.072],[37.121,21.075],[37.126,21.075],[37.127,21.078],[37.125,21.08],[37.126,21.083],[37.132,21.088],[37.127,21.088],[37.125,21.097],[37.125,21.103],[37.118,21.111],[37.125,21.118],[37.125,21.123],[37.129,21.128],[37.125,21.129],[37.12,21.137],[37.124,21.147],[37.13,21.151],[37.134,21.152],[37.135,21.155],[37.114,21.157],[37.103,21.16],[37.103,21.166],[37.098,21.174],[37.1,21.182],[37.097,21.189],[37.109,21.202],[37.109,21.207],[37.116,21.21],[37.131,21.222],[37.147,21.224],[37.152,21.22],[37.162,21.218],[37.173,21.2],[37.174,21.192],[37.171,21.189],[37.17,21.184],[37.16,21.167],[37.163,21.163],[37.164,21.147],[37.174,21.146],[37.181,21.14],[37.182,21.146],[37.179,21.152],[37.182,21.16],[37.186,21.163],[37.191,21.16],[37.195,21.162],[37.2,21.16],[37.2,21.154],[37.203,21.147],[37.201,21.145],[37.194,21.146],[37.195,21.142],[37.197,21.14],[37.194,21.138],[37.195,21.136],[37.199,21.136],[37.202,21.132],[37.209,21.134],[37.209,21.136],[37.204,21.138],[37.205,21.142],[37.211,21.144],[37.217,21.143],[37.216,21.139],[37.22,21.138],[37.221,21.133],[37.226,21.137],[37.236,21.137],[37.238,21.131],[37.238,21.125],[37.241,21.121],[37.239,21.12],[37.234,21.119],[37.234,21.107],[37.24,21.102],[37.241,21.097],[37.248,21.083],[37.257,21.071],[37.261,21.072],[37.27,21.064],[37.276,21.054],[37.282,21.049],[37.273,21.05],[37.28,21.044],[37.273,21.046],[37.258,21.052],[37.241,21.068],[37.233,21.072],[37.227,21.09],[37.218,21.103],[37.214,21.098],[37.198,21.106],[37.211,21.089],[37.211,21.077],[37.216,21.075],[37.222,21.06],[37.225,21.058],[37.226,21.052],[37.23,21.048],[37.233,21.039],[37.239,21.029],[37.24,21.024],[37.245,21.021],[37.245,21.017],[37.249,21.007],[37.255,20.995],[37.258,21.001],[37.255,21.017],[37.264,21.02],[37.264,21.023],[37.273,21.019],[37.289,21.017],[37.296,21.02],[37.298,21.024],[37.299,21.027],[37.295,21.027],[37.285,21.036],[37.287,21.044],[37.3,21.029],[37.315,21.056],[37.323,21.065],[37.289,21.089],[37.271,21.135],[37.255,21.149],[37.245,21.167],[37.234,21.175],[37.229,21.182],[37.218,21.194],[37.215,21.2],[37.206,21.209],[37.194,21.216],[37.177,21.23],[37.154,21.247],[37.12,21.284],[37.114,21.295],[37.092,21.32],[37.093,21.324],[37.071,21.343],[37.067,21.35],[37.062,21.354],[37.058,21.357],[37.056,21.357],[37.053,21.349],[37.051,21.351],[37.049,21.351],[37.046,21.348],[37.041,21.349],[37.039,21.353],[37.038,21.353],[37.038,21.35],[37.033,21.35],[37.031,21.35],[37.029,21.354],[37.027,21.353],[37.028,21.343],[37.027,21.341],[37.025,21.34],[37.025,21.336],[37.022,21.333],[37.02,21.334],[37.02,21.337],[37.017,21.339],[37.02,21.343],[37.022,21.343],[37.023,21.346],[37.02,21.351],[37.013,21.346],[37.008,21.345],[37.003,21.348],[37.003,21.35],[37.006,21.351],[37.007,21.354],[37.011,21.355],[37.013,21.354],[37.015,21.354],[37.015,21.357],[37.018,21.358],[37.014,21.36],[37.013,21.365],[37.016,21.368],[37.026,21.358],[37.03,21.36],[37.042,21.357],[37.045,21.35],[37.046,21.355],[37.057,21.359],[37.059,21.362],[37.052,21.37],[37.049,21.38],[37.026,21.407],[37.021,21.408],[37.007,21.394],[37.005,21.397],[37.006,21.401],[37.018,21.414],[37.015,21.423],[37.008,21.434],[37.009,21.438],[37.007,21.443],[36.996,21.452],[36.988,21.479],[36.984,21.483],[36.981,21.483],[36.974,21.476],[36.97,21.475],[36.959,21.479],[36.947,21.479],[36.948,21.481],[36.957,21.487],[36.959,21.49],[36.961,21.491],[36.978,21.489],[36.981,21.49],[36.981,21.495],[36.979,21.497],[36.977,21.505],[36.975,21.508],[36.969,21.512],[36.961,21.522],[36.961,21.528],[36.954,21.537],[36.951,21.545],[36.949,21.551],[36.954,21.549],[36.955,21.56],[36.947,21.56],[36.942,21.563],[36.94,21.575],[36.926,21.584],[36.936,21.587],[36.938,21.588],[36.936,21.597],[36.938,21.605],[36.935,21.608],[36.926,21.608],[36.908,21.598],[36.902,21.598],[36.902,21.601],[36.908,21.607],[36.901,21.614],[36.893,21.617],[36.888,21.622],[36.896,21.624],[36.904,21.618],[36.909,21.617],[36.911,21.62],[36.92,21.617],[36.925,21.617],[36.931,21.62],[36.933,21.627],[36.927,21.634],[36.926,21.64],[36.923,21.642],[36.92,21.649],[36.921,21.66],[36.915,21.668],[36.918,21.672],[36.918,21.678],[36.914,21.681],[36.912,21.686],[36.913,21.691],[36.911,21.696],[36.912,21.699],[36.905,21.699],[36.896,21.696],[36.892,21.694],[36.875,21.691],[36.872,21.694],[36.868,21.695],[36.864,21.698],[36.863,21.703],[36.87,21.707],[36.881,21.704],[36.885,21.704],[36.89,21.707],[36.896,21.706],[36.899,21.709],[36.906,21.71],[36.908,21.713],[36.905,21.722],[36.907,21.725],[36.906,21.727],[36.903,21.728],[36.9,21.74],[36.897,21.742],[36.878,21.733],[36.875,21.725],[36.868,21.721],[36.865,21.723],[36.87,21.732],[36.87,21.735],[36.866,21.736],[36.854,21.732],[36.847,21.735],[36.849,21.74],[36.862,21.751],[36.859,21.755],[36.858,21.759],[36.861,21.758],[36.864,21.754],[36.867,21.755],[36.873,21.749],[36.876,21.751],[36.88,21.756],[36.891,21.758],[36.895,21.756],[36.897,21.758],[36.892,21.768],[36.893,21.77],[36.891,21.773],[36.891,21.784],[36.89,21.787],[36.884,21.789],[36.878,21.787],[36.869,21.791],[36.88,21.795],[36.886,21.795],[36.889,21.793],[36.891,21.794],[36.888,21.805],[36.89,21.815],[36.886,21.825],[36.888,21.833],[36.886,21.835],[36.879,21.835],[36.877,21.833],[36.871,21.83],[36.87,21.821],[36.863,21.819],[36.86,21.814],[36.847,21.809],[36.849,21.813],[36.845,21.817],[36.847,21.82],[36.851,21.82],[36.857,21.824],[36.862,21.834],[36.861,21.836],[36.85,21.836],[36.847,21.827],[36.839,21.829],[36.837,21.831],[36.835,21.831],[36.832,21.834],[36.834,21.835],[36.833,21.837],[36.826,21.835],[36.821,21.836],[36.822,21.84],[36.831,21.847],[36.836,21.847],[36.839,21.845],[36.847,21.85],[36.851,21.851],[36.86,21.846],[36.866,21.847],[36.871,21.844],[36.875,21.844],[36.88,21.849],[36.881,21.852],[36.877,21.856],[36.875,21.863],[36.877,21.865],[36.874,21.873],[36.869,21.88],[36.862,21.881],[36.859,21.884],[36.872,21.901],[36.88,21.906],[36.886,21.922],[36.882,21.93],[36.886,21.938],[36.885,21.941],[36.881,21.945],[36.875,21.943],[36.869,21.945],[36.865,21.948],[36.858,21.946],[36.855,21.949],[36.855,21.953],[36.857,21.955],[36.86,21.956],[36.864,21.954],[36.867,21.956],[36.862,21.963],[36.858,21.962],[36.851,21.957],[36.849,21.96],[36.845,21.973],[36.842,21.976],[36.843,21.98],[36.85,21.984],[36.858,21.978],[36.863,21.977],[36.869,21.979],[36.873,21.993],[36.891,22.009],[36.897,22.021],[36.897,22.037],[36.9,22.046],[36.9,22.053],[36.896,22.062],[36.888,22.061],[36.88,22.065],[36.878,22.069],[36.868,22.075],[36.859,22.074],[36.848,22.081],[36.845,22.079],[36.842,22.081],[36.835,22.094],[36.82,22.112],[36.802,22.117],[36.795,22.128],[36.796,22.143],[36.79,22.15],[36.78,22.156],[36.779,22.159],[36.772,22.167],[36.769,22.167],[36.765,22.165],[36.764,22.163],[36.767,22.163],[36.768,22.161],[36.757,22.157],[36.751,22.159],[36.742,22.157],[36.737,22.158],[36.727,22.163],[36.721,22.163],[36.721,22.165],[36.725,22.166],[36.723,22.168],[36.715,22.169],[36.704,22.179],[36.701,22.183],[36.701,22.187],[36.699,22.192],[36.692,22.195],[36.687,22.196],[36.682,22.193],[36.68,22.199],[36.675,22.2],[36.677,22.203],[36.673,22.204],[36.669,22.21],[36.652,22.22],[36.648,22.225],[36.647,22.232],[36.644,22.238],[36.637,22.242],[36.634,22.245],[36.623,22.249],[36.615,22.26],[36.611,22.261],[36.61,22.263],[36.597,22.271],[36.594,22.278],[36.579,22.287],[36.573,22.294],[36.565,22.297],[36.556,22.303],[36.553,22.308],[36.547,22.308],[36.532,22.316],[36.513,22.324],[36.504,22.331],[36.496,22.332],[36.481,22.342],[36.471,22.342],[36.459,22.349],[36.452,22.35],[36.436,22.36],[36.433,22.368],[36.433,22.373],[36.424,22.389],[36.424,22.393],[36.421,22.402],[36.426,22.424],[36.424,22.429],[36.406,22.437],[36.396,22.433],[36.394,22.436],[36.353,22.457],[36.33,22.473],[36.317,22.485],[36.303,22.5],[36.294,22.513],[36.292,22.532],[36.29,22.538],[36.292,22.547],[36.288,22.551],[36.287,22.558],[36.289,22.565],[36.277,22.582],[36.276,22.586],[36.274,22.589],[36.268,22.59],[36.261,22.6],[36.261,22.612],[36.258,22.614],[36.255,22.612],[36.251,22.612],[36.243,22.617],[36.235,22.628],[36.233,22.635],[36.229,22.637],[36.223,22.638],[36.215,22.644],[36.211,22.644],[36.209,22.642],[36.197,22.651],[36.193,22.651],[36.197,22.653],[36.193,22.658],[36.192,22.664],[36.189,22.669],[36.179,22.671],[36.177,22.669],[36.174,22.662],[36.163,22.658],[36.144,22.667],[36.141,22.666],[36.125,22.668],[36.119,22.666],[36.103,22.666],[36.087,22.674],[36.076,22.675],[36.069,22.678],[36.064,22.677],[36.058,22.677],[36.055,22.681],[36.049,22.684],[36.04,22.682],[36.038,22.68],[36.043,22.677],[36.043,22.676],[36.038,22.677],[36.036,22.678],[36.035,22.682],[36.03,22.684],[36.012,22.688],[36.003,22.688],[36.0,22.687],[36.0,22.685],[35.985,22.687],[35.98,22.689],[35.972,22.699],[35.969,22.701],[35.963,22.697],[35.962,22.695],[35.953,22.695],[35.949,22.691],[35.947,22.693],[35.946,22.703],[35.952,22.705],[35.95,22.708],[35.943,22.71],[35.941,22.712],[35.938,22.714],[35.935,22.709],[35.937,22.705],[35.935,22.696],[35.926,22.692],[35.923,22.696],[35.929,22.702],[35.931,22.711],[35.929,22.715],[35.911,22.722],[35.909,22.732],[35.905,22.731],[35.899,22.733],[35.891,22.741],[35.869,22.756],[35.862,22.76],[35.859,22.763],[35.854,22.765],[35.85,22.771],[35.84,22.773],[35.832,22.777],[35.814,22.791],[35.81,22.797],[35.811,22.81],[35.808,22.833],[35.803,22.84],[35.799,22.854],[35.793,22.854],[35.791,22.853],[35.79,22.844],[35.797,22.844],[35.8,22.841],[35.799,22.83],[35.794,22.826],[35.784,22.829],[35.777,22.837],[35.773,22.839],[35.771,22.844],[35.765,22.85],[35.763,22.855],[35.765,22.858],[35.781,22.859],[35.786,22.856],[35.788,22.847],[35.788,22.856],[35.791,22.861],[35.789,22.866],[35.781,22.873],[35.776,22.884],[35.773,22.886],[35.768,22.883],[35.766,22.885],[35.763,22.893],[35.764,22.903],[35.761,22.907],[35.753,22.923],[35.743,22.927],[35.736,22.929],[35.732,22.933],[35.727,22.929],[35.719,22.929],[35.717,22.925],[35.72,22.917],[35.719,22.911],[35.717,22.911],[35.715,22.928],[35.713,22.933],[35.709,22.935],[35.706,22.941],[35.695,22.953],[35.694,22.961],[35.691,22.965],[35.688,22.965],[35.686,22.966],[35.688,22.972],[35.687,22.975],[35.672,22.988],[35.669,22.994],[35.664,22.996],[35.663,23.006],[35.665,23.012],[35.664,23.016],[35.661,23.024],[35.656,23.043],[35.654,23.074],[35.635,23.1],[35.633,23.107],[35.633,23.116],[35.628,23.129],[35.627,23.134],[35.63,23.139],[35.628,23.142],[35.621,23.143],[35.618,23.142],[35.388,22.95],[35.198,22.785],[34.945,22.859],[34.912,22.786],[34.733,22.402],[34.686,22.297],[34.442,22.255],[34.207,22.212],[34.15,22.202],[34.103,22.059],[34.081,21.998],[34.003,21.769],[33.56,21.721],[33.258,21.515],[33.26,21.51],[33.284,21.484],[33.307,21.465],[33.318,21.447],[33.331,21.368],[33.345,21.334],[33.354,21.296],[33.357,21.271],[33.356,21.249],[33.348,21.234],[33.335,21.216],[33.32,21.199],[33.292,21.173],[33.287,21.162],[33.288,21.141],[33.294,21.122],[33.299,21.089],[33.299,21.068],[33.297,21.054],[33.285,21.009],[33.271,20.972],[33.275,20.948],[33.287,20.927],[33.309,20.91],[33.35,20.893],[33.367,20.88],[33.403,20.85],[33.416,20.835],[33.423,20.821],[33.441,20.795],[33.457,20.777],[33.477,20.765],[33.523,20.755],[33.538,20.749],[33.548,20.742],[33.547,20.742],[33.555,20.733],[33.557,20.718],[33.571,20.694],[33.576,20.665],[33.58,20.651],[33.592,20.63],[33.612,20.612],[33.618,20.602],[33.629,20.56],[33.64,20.538],[33.67,20.499],[33.631,20.237],[33.608,20.07],[33.693,19.709],[33.672,19.435],[33.682,19.355],[33.69,19.346],[33.746,19.258],[33.757,19.239],[33.795,19.181],[33.801,19.169],[33.917,18.868],[34.119,18.368],[34.449,18.262],[34.471,18.253],[34.56,18.204],[34.609,18.18],[34.683,18.106],[34.859,17.94],[34.918,17.857],[34.939,17.831],[35.077,17.665],[35.136,17.597],[35.176,17.558],[35.282,17.471],[35.351,17.412],[35.518,17.293],[35.588,17.247],[35.625,17.228],[35.657,17.207],[36.083,17.021],[36.17,17.038],[36.231,17.031],[36.335,17.031],[36.47,17.016],[36.763,17.002],[37.002,17.072],[37.003,17.073]]]}},{"type":"Feature","properties":{"name":"River Nile"},"geometry":{"type":"Polygon","coordinates":[[[35.657,17.207],[35.625,17.228],[35.588,17.247],[35.518,17.293],[35.351,17.412],[35.282,17.471],[35.176,17.558],[35.136,17.597],[35.077,17.665],[34.939,17.831],[34.918,17.857],[34.859,17.94],[34.683,18.106],[34.609,18.18],[34.56,18.204],[34.471,18.253],[34.449,18.262],[34.119,18.368],[33.917,18.868],[33.801,19.169],[33.795,19.181],[33.757,19.239],[33.746,19.258],[33.69,19.346],[33.682,19.355],[33.672,19.435],[33.693,19.709],[33.608,20.07],[33.631,20.237],[33.67,20.499],[33.64,20.538],[33.629,20.56],[33.618,20.602],[33.612,20.612],[33.592,20.63],[33.58,20.651],[33.576,20.665],[33.571,20.694],[33.557,20.718],[33.555,20.733],[33.547,20.742],[33.548,20.742],[33.538,20.749],[33.523,20.755],[33.477,20.765],[33.457,20.777],[33.441,20.795],[33.423,20.821],[33.416,20.835],[33.403,20.85],[33.367,20.88],[33.35,20.893],[33.309,20.91],[33.287,20.927],[33.275,20.948],[33.271,20.972],[33.285,21.009],[33.297,21.054],[33.299,21.068],[33.299,21.089],[33.294,21.122],[33.288,21.141],[33.287,21.162],[33.292,21.173],[33.32,21.199],[33.335,21.216],[33.348,21.234],[33.356,21.249],[33.357,21.271],[33.354,21.296],[33.345,21.334],[33.331,21.368],[33.318,21.447],[33.307,21.465],[33.284,21.484],[33.26,21.51],[33.258,21.515],[33.56,21.721],[33.556,21.721],[33.164,21.999],[32.919,22.0],[32.408,21.998],[32.405,21.916],[32.394,21.306],[32.375,20.878],[32.353,20.416],[32.328,19.887],[32.318,19.683],[32.316,19.634],[32.313,19.608],[32.281,19.161],[32.259,18.891],[32.654,18.497],[32.653,18.491],[32.553,18.391],[32.477,18.336],[32.339,18.202],[32.265,18.061],[32.268,18.06],[32.184,17.854],[32.198,17.845],[32.305,17.527],[32.385,17.328],[32.034,16.842],[31.886,16.63],[32.174,16.4],[32.183,16.397],[32.257,16.388],[32.486,16.361],[32.541,16.356],[32.693,16.335],[32.806,16.254],[33.276,16.172],[33.281,16.169],[33.436,16.114],[33.531,16.038],[33.665,15.981],[33.969,16.003],[34.216,16.054],[34.233,16.028],[34.336,15.849],[34.381,15.683],[34.336,15.85],[34.233,16.028],[34.216,16.054],[34.237,16.066],[34.405,16.292],[34.534,16.294],[34.983,16.297],[35.26,16.31],[35.328,16.31],[35.333,16.309],[35.418,16.273],[35.623,16.373],[35.671,16.415],[35.666,16.617],[35.66,17.087],[35.657,17.207]]]}},{"type":"Feature","properties":{"name":"Sennar"},"geometry":{"type":"Polygon","coordinates":[[[32.942,13.697],[32.954,13.596],[32.962,13.552],[32.959,13.524],[32.953,13.509],[32.96,13.501],[32.966,13.48],[32.964,13.421],[32.961,13.399],[32.912,13.276],[32.911,13.263],[32.953,13.224],[32.96,13.214],[32.989,13.158],[33.039,13.176],[33.049,13.183],[33.078,13.172],[33.081,13.156],[33.079,13.147],[33.015,13.112],[33.053,13.047],[33.06,13.041],[33.094,13.047],[33.101,13.039],[33.108,13.042],[33.115,13.018],[33.113,13.008],[33.186,12.928],[33.131,12.821],[33.093,12.757],[33.067,12.679],[33.068,12.651],[33.11,12.558],[33.158,12.49],[33.17,12.451],[33.19,12.394],[33.227,12.357],[33.219,12.307],[33.227,12.272],[33.241,12.272],[33.255,12.214],[33.296,12.216],[33.298,12.212],[33.292,12.201],[33.268,12.179],[33.257,12.166],[33.256,12.156],[33.25,12.123],[33.222,11.993],[33.175,11.741],[33.263,11.795],[33.29,11.806],[33.387,11.872],[33.575,11.986],[33.603,11.992],[33.741,12.083],[33.859,12.15],[33.939,12.171],[33.987,12.205],[34.028,12.227],[34.073,12.266],[34.075,12.271],[34.086,12.282],[34.093,12.295],[34.127,12.327],[34.151,12.344],[34.161,12.358],[34.169,12.377],[34.191,12.416],[34.221,12.451],[34.223,12.46],[34.232,12.465],[34.24,12.464],[34.25,12.461],[34.258,12.455],[34.278,12.456],[34.29,12.451],[34.338,12.474],[34.367,12.491],[34.424,12.527],[34.436,12.538],[34.438,12.552],[34.451,12.562],[34.466,12.558],[34.483,12.549],[34.495,12.542],[34.512,12.544],[34.529,12.534],[34.542,12.532],[34.569,12.524],[34.595,12.521],[34.617,12.515],[34.64,12.518],[34.656,12.513],[34.673,12.498],[34.688,12.492],[34.704,12.469],[34.76,12.439],[34.784,12.422],[34.805,12.374],[34.813,12.348],[34.847,12.22],[34.847,12.206],[34.855,12.185],[34.864,12.154],[34.87,12.122],[34.887,12.056],[34.895,12.019],[34.919,11.952],[34.963,11.885],[35.051,11.74],[35.095,11.816],[35.259,11.933],[35.268,11.936],[35.276,11.944],[35.297,11.999],[35.301,12.002],[35.319,12.039],[35.346,12.091],[35.457,12.288],[35.605,12.536],[35.62,12.556],[35.657,12.618],[35.663,12.625],[35.667,12.636],[35.7,12.666],[35.695,12.665],[35.686,12.667],[35.679,12.675],[35.673,12.679],[35.65,12.677],[35.645,12.688],[35.632,12.697],[35.62,12.692],[35.612,12.698],[35.606,12.707],[35.589,12.71],[35.579,12.713],[35.569,12.723],[35.507,12.718],[35.412,12.719],[35.341,12.735],[35.273,12.765],[35.232,12.779],[35.179,12.83],[35.136,12.867],[35.108,12.899],[35.078,12.891],[35.055,12.9],[35.037,12.894],[35.018,12.895],[35.003,12.899],[34.972,12.919],[34.93,12.954],[34.899,12.998],[34.89,13.004],[34.891,13.02],[34.885,13.024],[34.876,13.024],[34.867,13.029],[34.862,13.042],[34.86,13.054],[34.849,13.071],[34.847,13.084],[34.837,13.101],[34.84,13.115],[34.839,13.125],[34.822,13.14],[34.817,13.149],[34.818,13.158],[34.814,13.171],[34.803,13.174],[34.793,13.17],[34.787,13.188],[34.782,13.194],[34.777,13.196],[34.769,13.196],[34.761,13.192],[34.754,13.184],[34.749,13.182],[34.745,13.183],[34.739,13.195],[34.729,13.196],[34.724,13.192],[34.725,13.183],[34.724,13.176],[34.716,13.181],[34.712,13.192],[34.703,13.197],[34.698,13.194],[34.693,13.194],[34.688,13.189],[34.678,13.188],[34.674,13.193],[34.662,13.2],[34.661,13.204],[34.657,13.206],[34.651,13.205],[34.645,13.207],[34.641,13.215],[34.643,13.222],[34.643,13.23],[34.64,13.231],[34.638,13.237],[34.642,13.242],[34.642,13.248],[34.628,13.248],[34.621,13.245],[34.617,13.247],[34.611,13.262],[34.604,13.263],[34.599,13.26],[34.589,13.258],[34.586,13.262],[34.576,13.262],[34.575,13.268],[34.566,13.281],[34.471,13.389],[34.402,13.46],[34.374,13.485],[34.289,13.605],[34.261,13.65],[34.16,13.748],[34.15,13.755],[34.148,13.763],[34.143,13.771],[34.132,13.781],[34.128,13.792],[34.129,13.799],[34.124,13.804],[34.104,13.81],[34.098,13.816],[34.095,13.825],[34.094,13.851],[34.088,13.863],[34.085,13.88],[34.08,13.886],[34.077,13.891],[34.08,13.898],[34.071,13.913],[34.067,13.924],[34.061,13.932],[34.055,13.932],[34.05,13.937],[34.047,13.942],[34.041,13.963],[34.041,13.972],[34.04,13.978],[34.03,13.985],[34.018,13.989],[34.003,13.991],[34.0,14.0],[33.989,14.005],[33.966,13.997],[33.96,13.999],[33.943,14.01],[33.934,14.009],[33.927,14.006],[33.74,14.075],[33.729,14.076],[33.721,14.101],[33.677,14.103],[33.669,14.094],[33.663,14.063],[33.65,14.049],[33.628,14.044],[33.624,14.033],[33.628,14.013],[33.645,13.992],[33.646,13.966],[33.643,13.956],[33.64,13.951],[33.612,13.953],[33.605,13.95],[33.604,13.94],[33.625,13.917],[33.628,13.908],[33.632,13.878],[33.625,13.858],[33.605,13.842],[33.6,13.841],[33.574,13.849],[33.557,13.835],[33.556,13.824],[33.562,13.808],[33.573,13.799],[33.615,13.779],[33.621,13.769],[33.625,13.76],[33.615,13.75],[33.598,13.754],[33.587,13.754],[33.573,13.75],[33.559,13.735],[33.558,13.726],[33.563,13.717],[33.584,13.71],[33.617,13.709],[33.624,13.7],[33.625,13.691],[33.627,13.666],[33.617,13.657],[33.604,13.64],[33.587,13.612],[33.586,13.581],[33.577,13.581],[33.559,13.583],[33.549,13.594],[33.536,13.594],[33.534,13.597],[33.531,13.599],[33.493,13.603],[33.482,13.636],[33.466,13.633],[33.461,13.667],[33.47,13.698],[33.474,13.717],[33.488,13.734],[33.502,13.784],[33.503,13.814],[33.5,13.827],[33.492,13.828],[33.49,13.825],[33.49,13.816],[33.487,13.813],[33.483,13.813],[33.481,13.815],[33.48,13.819],[33.483,13.826],[33.482,13.829],[33.471,13.832],[33.436,13.833],[33.421,13.824],[33.409,13.823],[33.404,13.828],[33.402,13.838],[33.403,13.869],[33.412,13.878],[33.415,13.884],[33.413,13.891],[33.408,13.896],[33.406,13.894],[33.383,13.897],[33.357,13.907],[33.344,13.935],[33.342,13.952],[33.333,13.964],[33.33,13.973],[33.326,13.987],[33.32,14.004],[33.279,14.046],[33.24,14.075],[33.2,14.064],[33.18,14.051],[33.174,14.044],[33.169,14.042],[33.155,14.04],[33.117,14.041],[33.062,14.041],[33.062,13.967],[33.066,13.902],[33.067,13.841],[33.102,13.808],[33.111,13.786],[33.076,13.804],[33.019,13.781],[32.978,13.747],[32.942,13.697]]]}},{"type":"Feature","properties":{"name":"South Darfur"},"geometry":{"type":"Polygon","coordinates":[[[22.909,11.026],[22.894,10.986],[22.882,10.943],[22.877,10.934],[22.874,10.922],[22.878,10.912],[22.907,10.889],[22.913,10.883],[22.918,10.872],[22.923,10.85],[22.94,10.82],[22.962,10.791],[22.97,10.775],[22.981,10.768],[22.986,10.762],[23.004,10.716],[23.01,10.709],[23.024,10.707],[23.057,10.687],[23.084,10.664],[23.101,10.658],[23.114,10.651],[23.152,10.596],[23.156,10.591],[23.167,10.588],[23.175,10.583],[23.186,10.574],[23.196,10.559],[23.211,10.553],[23.228,10.54],[23.261,10.502],[23.272,10.491],[23.29,10.48],[23.318,10.466],[23.329,10.445],[23.518,10.144],[23.595,10.024],[23.604,10.004],[23.623,9.971],[23.672,9.893],[23.688,9.755],[23.699,9.676],[23.697,9.67],[23.679,9.634],[23.673,9.628],[23.658,9.599],[23.652,9.59],[23.64,9.57],[23.634,9.561],[23.621,9.555],[23.612,9.546],[23.605,9.538],[23.598,9.522],[23.6,9.515],[23.613,9.51],[23.614,9.503],[23.608,9.491],[23.607,9.483],[23.609,9.474],[23.611,9.472],[23.639,9.446],[23.64,9.443],[23.647,9.438],[23.666,9.445],[23.673,9.445],[23.667,9.445],[23.672,9.444],[23.682,9.438],[23.683,9.431],[23.675,9.416],[23.667,9.41],[23.662,9.403],[23.651,9.397],[23.646,9.39],[23.644,9.384],[23.645,9.364],[23.643,9.338],[23.639,9.337],[23.634,9.338],[23.612,9.344],[23.604,9.337],[23.601,9.329],[23.602,9.323],[23.62,9.284],[23.623,9.276],[23.623,9.267],[23.62,9.243],[23.616,9.231],[23.602,9.22],[23.594,9.21],[23.588,9.205],[23.583,9.203],[23.569,9.198],[23.564,9.192],[23.546,9.175],[23.541,9.171],[23.532,9.168],[23.541,9.171],[23.545,9.175],[23.564,9.192],[23.568,9.198],[23.583,9.203],[23.587,9.205],[23.592,9.209],[23.593,9.21],[23.602,9.22],[23.616,9.231],[23.62,9.243],[23.623,9.267],[23.622,9.276],[23.623,9.267],[23.62,9.243],[23.616,9.231],[23.602,9.22],[23.592,9.209],[23.587,9.205],[23.582,9.203],[23.568,9.198],[23.564,9.192],[23.545,9.175],[23.541,9.171],[23.532,9.168],[23.528,9.169],[23.523,9.168],[23.514,9.157],[23.511,9.162],[23.511,9.167],[23.508,9.172],[23.496,9.174],[23.488,9.169],[23.471,9.152],[23.466,9.135],[23.467,9.108],[23.471,9.095],[23.464,9.086],[23.463,9.08],[23.454,9.058],[23.454,9.053],[23.466,9.043],[23.466,9.039],[23.465,9.033],[23.446,9.025],[23.442,9.016],[23.445,9.011],[23.476,9.006],[23.482,9.001],[23.487,8.994],[23.508,8.98],[23.52,8.977],[23.534,8.978],[23.544,8.986],[23.549,8.993],[23.554,9.009],[23.553,9.015],[23.546,9.024],[23.545,9.035],[23.555,9.052],[23.563,9.055],[23.57,9.052],[23.571,9.044],[23.571,9.036],[23.573,9.029],[23.579,9.022],[23.581,9.014],[23.588,9.0],[23.601,8.994],[23.606,8.99],[23.613,8.98],[23.613,8.975],[23.606,8.971],[23.603,8.966],[23.591,8.936],[23.585,8.928],[23.581,8.903],[23.57,8.883],[23.56,8.869],[23.54,8.849],[23.528,8.845],[23.521,8.845],[23.52,8.843],[23.529,8.832],[23.529,8.827],[23.523,8.813],[23.527,8.795],[23.523,8.778],[23.521,8.76],[23.527,8.75],[23.542,8.744],[23.554,8.744],[23.568,8.746],[23.587,8.759],[23.596,8.761],[23.599,8.759],[23.603,8.753],[23.604,8.743],[23.62,8.726],[23.62,8.741],[23.627,8.761],[23.633,8.765],[23.637,8.764],[23.64,8.763],[23.653,8.742],[23.672,8.719],[23.704,8.694],[23.712,8.692],[23.729,8.693],[23.74,8.697],[23.755,8.708],[23.766,8.713],[23.784,8.718],[23.834,8.725],[23.848,8.73],[23.857,8.729],[23.863,8.724],[23.872,8.721],[23.894,8.716],[23.914,8.703],[23.952,8.69],[23.969,8.693],[23.981,8.699],[23.994,8.7],[24.009,8.705],[24.026,8.717],[24.037,8.713],[24.047,8.706],[24.049,8.702],[24.051,8.689],[24.055,8.686],[24.082,8.68],[24.101,8.683],[24.105,8.683],[24.116,8.684],[24.16,8.697],[24.17,8.697],[24.196,8.693],[24.204,8.693],[24.211,8.695],[24.221,8.703],[24.228,8.714],[24.242,8.717],[24.249,8.717],[24.261,8.71],[24.264,8.706],[24.264,8.696],[24.252,8.674],[24.248,8.661],[24.244,8.653],[24.234,8.651],[24.229,8.648],[24.225,8.645],[24.224,8.641],[24.244,8.648],[24.291,8.697],[24.384,8.79],[24.419,8.802],[24.426,8.807],[24.513,8.837],[24.527,8.845],[24.579,8.924],[24.58,8.934],[24.577,8.954],[24.574,8.967],[24.563,8.993],[24.564,9.001],[24.558,9.015],[24.557,9.021],[24.55,9.04],[24.547,9.044],[24.543,9.063],[24.545,9.07],[24.548,9.095],[24.547,9.106],[24.558,9.136],[24.564,9.167],[24.565,9.185],[24.583,9.223],[24.583,9.229],[24.59,9.249],[24.595,9.255],[24.626,9.321],[24.626,9.327],[24.617,9.34],[24.609,9.346],[24.603,9.355],[24.596,9.371],[24.597,9.37],[24.596,9.377],[24.601,9.382],[24.621,9.396],[24.656,9.417],[24.665,9.428],[24.67,9.43],[24.685,9.445],[24.739,9.482],[24.746,9.493],[24.751,9.503],[24.751,9.512],[24.754,9.519],[24.753,9.542],[24.755,9.557],[24.751,9.568],[24.753,9.583],[24.75,9.59],[24.747,9.603],[24.739,9.615],[24.735,9.619],[24.732,9.627],[24.735,9.642],[24.744,9.655],[24.74,9.666],[24.741,9.696],[24.74,9.712],[24.734,9.728],[24.728,9.73],[24.725,9.73],[24.72,9.741],[24.72,9.744],[24.726,9.751],[24.732,9.751],[24.742,9.757],[24.737,9.767],[24.739,9.769],[24.751,9.769],[24.762,9.763],[24.77,9.775],[24.775,9.774],[24.781,9.777],[24.787,9.785],[24.787,9.789],[24.79,9.792],[24.8,9.797],[24.801,9.805],[24.81,9.803],[24.821,9.816],[24.824,9.822],[24.819,9.837],[24.828,9.85],[24.842,9.859],[24.849,9.868],[24.849,9.872],[24.854,9.876],[24.886,9.89],[24.897,9.902],[24.921,9.914],[24.924,9.923],[24.94,9.931],[24.946,9.932],[24.95,9.936],[24.957,9.954],[24.967,9.963],[24.969,9.972],[24.971,9.976],[24.979,9.981],[24.983,9.993],[24.987,9.995],[24.993,9.996],[25.003,10.003],[25.005,10.012],[25.004,10.02],[25.008,10.028],[25.008,10.036],[25.009,10.04],[25.012,10.042],[25.027,10.033],[25.033,10.034],[25.035,10.038],[25.035,10.049],[25.03,10.059],[25.03,10.072],[25.047,10.092],[25.053,10.097],[25.059,10.121],[25.056,10.131],[25.04,10.161],[25.039,10.166],[25.037,10.168],[25.032,10.168],[25.028,10.171],[25.029,10.174],[25.034,10.179],[25.034,10.187],[25.041,10.203],[25.043,10.209],[25.057,10.22],[25.057,10.226],[25.061,10.236],[25.068,10.238],[25.068,10.24],[25.065,10.246],[25.07,10.252],[25.072,10.256],[25.074,10.267],[25.093,10.285],[25.093,10.295],[25.094,10.298],[25.099,10.301],[25.102,10.306],[25.098,10.313],[25.101,10.316],[25.11,10.314],[25.133,10.317],[25.132,10.32],[25.127,10.326],[25.126,10.33],[25.129,10.331],[25.133,10.329],[25.152,10.334],[25.159,10.334],[25.178,10.325],[25.183,10.321],[25.186,10.322],[25.19,10.332],[25.204,10.337],[25.207,10.343],[25.21,10.345],[25.215,10.344],[25.215,10.337],[25.229,10.343],[25.238,10.344],[25.249,10.351],[25.254,10.351],[25.26,10.344],[25.291,10.341],[25.303,10.338],[25.315,10.344],[25.324,10.34],[25.329,10.341],[25.34,10.336],[25.348,10.34],[25.352,10.345],[25.356,10.344],[25.358,10.345],[25.359,10.35],[25.363,10.354],[25.38,10.361],[25.387,10.36],[25.398,10.361],[25.41,10.365],[25.415,10.362],[25.419,10.362],[25.424,10.368],[25.43,10.365],[25.433,10.362],[25.444,10.368],[25.454,10.367],[25.463,10.374],[25.471,10.372],[25.475,10.374],[25.502,10.367],[25.507,10.368],[25.515,10.36],[25.521,10.367],[25.525,10.363],[25.531,10.364],[25.535,10.361],[25.552,10.367],[25.552,10.371],[25.555,10.374],[25.557,10.373],[25.559,10.369],[25.561,10.367],[25.564,10.37],[25.571,10.371],[25.583,10.378],[25.588,10.379],[25.594,10.382],[25.598,10.387],[25.602,10.387],[25.605,10.385],[25.608,10.386],[25.613,10.392],[25.626,10.396],[25.637,10.395],[25.643,10.399],[25.654,10.401],[25.657,10.399],[25.665,10.404],[25.672,10.4],[25.674,10.4],[25.676,10.399],[25.683,10.4],[25.692,10.399],[25.694,10.401],[25.699,10.41],[25.706,10.417],[25.712,10.418],[25.717,10.415],[25.724,10.418],[25.73,10.417],[25.731,10.413],[25.744,10.405],[25.768,10.412],[25.77,10.415],[25.776,10.416],[25.785,10.412],[25.788,10.412],[25.79,10.415],[25.794,10.427],[25.798,10.428],[25.8,10.426],[25.804,10.428],[25.809,10.435],[25.811,10.439],[25.813,10.44],[25.82,10.431],[25.824,10.432],[25.827,10.437],[25.832,10.437],[25.834,10.431],[25.836,10.433],[25.843,10.434],[25.845,10.437],[25.852,10.439],[25.858,10.433],[25.865,10.436],[25.869,10.434],[25.872,10.428],[25.885,10.426],[25.89,10.424],[25.896,10.419],[25.911,10.411],[25.912,10.409],[25.914,10.41],[25.918,10.408],[25.922,10.404],[25.932,10.373],[25.938,10.378],[25.971,10.498],[25.845,10.659],[25.787,10.725],[25.771,10.752],[25.75,10.799],[25.697,10.935],[25.694,10.945],[25.707,10.97],[25.716,11.01],[25.705,11.054],[25.688,11.072],[25.641,11.134],[25.637,11.137],[25.639,11.149],[25.615,11.135],[25.599,11.123],[25.567,11.128],[25.544,11.157],[25.538,11.185],[25.542,11.246],[25.55,11.284],[25.55,11.307],[25.532,11.328],[25.513,11.345],[25.39,11.401],[25.37,11.417],[25.303,11.538],[25.299,11.567],[25.294,11.576],[25.286,11.7],[25.288,11.788],[25.292,11.823],[25.303,11.878],[25.31,11.927],[25.311,12.008],[25.31,12.039],[25.311,12.06],[25.306,12.165],[25.31,12.193],[25.314,12.205],[25.333,12.225],[25.362,12.243],[25.411,12.296],[25.427,12.329],[25.437,12.362],[25.457,12.402],[25.444,12.441],[25.431,12.465],[25.418,12.501],[25.415,12.537],[25.42,12.596],[25.446,12.618],[25.468,12.628],[25.479,12.648],[25.474,12.671],[25.46,12.691],[25.462,12.706],[25.466,12.794],[25.464,12.841],[25.458,12.901],[25.457,12.961],[25.458,12.969],[25.439,12.965],[25.43,12.966],[25.391,12.97],[25.366,12.976],[25.33,12.963],[25.301,12.967],[25.266,12.952],[25.24,12.974],[25.205,12.978],[25.16,12.969],[25.092,12.945],[25.013,12.949],[24.981,12.953],[24.951,12.983],[24.94,13.0],[24.923,13.01],[24.9,13.017],[24.879,13.025],[24.851,13.04],[24.828,13.055],[24.791,13.072],[24.778,13.089],[24.759,13.099],[24.733,13.099],[24.716,13.107],[24.664,13.112],[24.652,13.106],[24.628,13.102],[24.585,13.108],[24.56,13.114],[24.486,13.122],[24.449,13.125],[24.446,13.127],[24.446,13.121],[24.44,13.115],[24.422,13.131],[24.417,13.124],[24.396,13.108],[24.387,13.06],[24.376,13.045],[24.373,13.03],[24.387,12.989],[24.325,12.975],[24.267,12.956],[24.209,12.933],[24.162,12.885],[24.155,12.865],[24.145,12.848],[24.133,12.843],[24.119,12.843],[24.101,12.83],[24.055,12.829],[24.017,12.821],[23.883,12.804],[23.893,12.797],[23.856,12.769],[23.853,12.718],[23.787,12.692],[23.776,12.603],[23.776,12.511],[23.789,12.449],[23.767,12.403],[23.732,12.282],[23.722,12.257],[23.69,12.128],[23.693,12.092],[23.702,12.062],[23.748,12.031],[23.745,12.029],[23.732,11.997],[23.761,11.897],[23.752,11.876],[23.758,11.864],[23.758,11.851],[23.733,11.836],[23.72,11.824],[23.722,11.812],[23.731,11.795],[23.715,11.71],[23.714,11.64],[23.741,11.422],[23.718,11.413],[23.683,11.391],[23.676,11.383],[23.666,11.366],[23.666,11.347],[23.663,11.336],[23.651,11.326],[23.631,11.314],[23.604,11.302],[23.57,11.295],[23.467,11.26],[23.406,11.252],[23.393,11.245],[23.385,11.229],[23.369,11.193],[23.356,11.177],[23.334,11.163],[23.296,11.158],[23.253,11.159],[23.206,11.174],[23.181,11.179],[23.16,11.167],[23.142,11.141],[23.108,11.085],[23.083,11.066],[23.008,11.036],[22.978,11.028],[22.909,11.026]]]}},{"type":"Feature","properties":{"name":"South Kordofan"},"geometry":{"type":"Polygon","coordinates":[[[29.788,12.746],[29.787,12.744],[29.738,12.737],[29.712,12.729],[29.706,12.709],[29.705,12.699],[29.709,12.688],[29.713,12.684],[29.716,12.673],[29.713,12.661],[29.663,12.531],[29.65,12.505],[29.644,12.501],[29.643,12.497],[29.645,12.491],[29.644,12.487],[29.632,12.471],[29.628,12.462],[29.601,12.443],[29.584,12.428],[29.554,12.391],[29.523,12.36],[29.504,12.325],[29.496,12.305],[29.493,12.29],[29.488,12.28],[29.489,12.267],[29.479,12.258],[29.444,12.25],[29.437,12.242],[29.44,12.229],[29.442,12.211],[29.432,12.187],[29.418,12.16],[29.385,12.139],[29.363,12.129],[29.353,12.129],[29.348,12.115],[29.347,12.105],[29.283,12.002],[29.27,11.974],[29.251,11.825],[29.229,11.776],[29.224,11.748],[29.224,11.747],[29.232,11.748],[29.23,11.735],[29.255,11.696],[29.367,11.7],[29.377,11.701],[29.452,11.508],[29.479,11.424],[29.489,11.411],[29.495,11.397],[29.496,11.399],[29.493,11.391],[29.497,11.38],[29.46,11.327],[29.46,11.316],[29.47,11.295],[29.469,11.27],[29.474,11.257],[29.471,11.251],[29.441,11.232],[29.416,11.209],[29.398,11.2],[29.395,11.184],[29.343,11.146],[29.338,11.139],[29.334,11.105],[29.335,11.07],[29.339,11.062],[29.339,11.047],[29.344,11.041],[29.348,11.028],[29.359,11.012],[29.361,11.002],[29.379,10.97],[29.39,10.947],[29.438,10.912],[29.477,10.88],[29.488,10.867],[29.502,10.86],[29.536,10.828],[29.625,10.755],[29.679,10.706],[29.686,10.703],[29.711,10.677],[29.798,10.6],[29.808,10.594],[29.842,10.565],[29.845,10.535],[29.853,10.52],[29.872,10.488],[29.873,10.483],[29.881,10.472],[29.882,10.468],[29.888,10.465],[29.889,10.455],[29.894,10.449],[29.899,10.435],[29.916,10.403],[29.923,10.385],[29.936,10.358],[29.944,10.346],[29.952,10.319],[29.958,10.316],[29.961,10.307],[29.974,10.293],[29.982,10.289],[29.997,10.289],[30.064,10.249],[30.274,10.117],[30.466,10.001],[30.476,9.992],[30.529,9.961],[30.534,9.956],[30.651,9.861],[30.826,9.722],[30.827,9.719],[30.836,9.724],[30.848,9.726],[30.861,9.73],[30.877,9.738],[30.893,9.749],[31.181,9.75],[31.275,9.758],[31.289,9.762],[31.315,9.772],[31.324,9.779],[31.352,9.803],[31.369,9.824],[31.424,9.895],[31.444,9.897],[31.479,9.938],[31.52,9.991],[31.533,10.002],[31.539,10.004],[31.559,10.028],[31.665,10.162],[31.708,10.214],[31.734,10.238],[31.742,10.254],[31.754,10.268],[31.801,10.31],[31.821,10.351],[31.858,10.408],[31.88,10.436],[31.933,10.49],[31.957,10.507],[32.019,10.507],[32.062,10.481],[32.155,10.467],[32.193,10.486],[32.229,10.51],[32.231,10.567],[32.218,10.632],[32.193,10.714],[32.226,10.75],[32.31,10.828],[32.409,10.925],[32.426,10.94],[32.46,10.976],[32.448,11.041],[32.439,11.064],[32.426,11.085],[32.423,11.094],[32.414,11.108],[32.409,11.122],[32.398,11.141],[32.396,11.168],[32.389,11.179],[32.391,11.238],[32.385,11.251],[32.38,11.486],[32.39,11.495],[32.392,11.574],[32.39,11.57],[32.393,11.614],[32.388,11.686],[32.385,11.697],[32.376,11.712],[32.37,11.716],[32.107,11.945],[32.128,11.945],[32.007,12.063],[31.91,12.162],[31.822,12.16],[31.807,12.209],[31.768,12.306],[31.742,12.387],[31.733,12.42],[31.72,12.455],[31.708,12.495],[31.698,12.516],[31.689,12.547],[31.69,12.571],[31.681,12.602],[31.664,12.602],[31.543,12.635],[31.438,12.658],[31.392,12.654],[31.361,12.648],[31.336,12.643],[31.315,12.632],[31.3,12.628],[31.27,12.625],[31.242,12.616],[31.209,12.618],[31.194,12.611],[31.175,12.609],[31.157,12.611],[31.121,12.622],[31.109,12.621],[31.034,12.606],[31.019,12.604],[30.987,12.611],[30.98,12.607],[30.976,12.6],[30.991,12.58],[31.002,12.56],[31.013,12.531],[31.02,12.495],[31.027,12.472],[31.027,12.448],[31.021,12.419],[31.025,12.404],[31.025,12.395],[31.021,12.388],[31.021,12.383],[31.002,12.381],[30.958,12.382],[30.943,12.378],[30.928,12.346],[30.919,12.341],[30.89,12.339],[30.845,12.327],[30.811,12.315],[30.768,12.294],[30.735,12.281],[30.711,12.269],[30.621,12.26],[30.591,12.26],[30.589,12.257],[30.563,12.254],[30.563,12.259],[30.559,12.261],[30.506,12.311],[30.477,12.385],[30.468,12.403],[30.466,12.411],[30.458,12.427],[30.458,12.43],[30.45,12.45],[30.421,12.474],[30.418,12.472],[30.414,12.474],[30.416,12.473],[30.413,12.471],[30.406,12.475],[30.38,12.499],[30.37,12.51],[30.374,12.514],[30.359,12.527],[30.329,12.537],[30.27,12.533],[30.227,12.526],[30.16,12.501],[30.136,12.49],[30.125,12.482],[30.088,12.456],[30.071,12.447],[30.05,12.443],[30.041,12.447],[30.031,12.476],[30.03,12.488],[30.032,12.496],[30.039,12.507],[30.044,12.52],[30.039,12.53],[30.036,12.549],[30.036,12.595],[30.024,12.615],[30.013,12.626],[30.003,12.644],[30.002,12.672],[30.012,12.699],[30.012,12.704],[30.009,12.708],[29.971,12.72],[29.931,12.725],[29.86,12.724],[29.851,12.729],[29.844,12.731],[29.806,12.738],[29.788,12.746]]]}},{"type":"Feature","properties":{"name":"West Darfur"},"geometry":{"type":"Polygon","coordinates":[[[23.225,13.429],[23.205,13.446],[23.182,13.464],[23.185,13.47],[23.182,13.472],[23.19,13.487],[23.191,13.514],[23.188,13.524],[23.178,13.535],[23.163,13.539],[23.146,13.547],[23.14,13.555],[23.139,13.566],[23.152,13.585],[23.158,13.587],[23.165,13.585],[23.174,13.585],[23.18,13.588],[23.182,13.593],[23.182,13.608],[23.177,13.701],[23.178,13.704],[23.207,13.71],[23.208,13.716],[23.101,13.752],[23.103,13.757],[23.101,13.758],[23.121,13.804],[23.123,13.831],[23.149,13.9],[23.168,13.929],[23.192,13.955],[23.205,13.959],[23.231,13.978],[23.243,13.991],[23.247,14.011],[23.218,14.088],[23.208,14.105],[23.221,14.146],[23.221,14.165],[23.186,14.159],[23.157,14.159],[23.135,14.184],[23.122,14.202],[23.106,14.218],[23.117,14.238],[23.139,14.32],[23.142,14.358],[23.114,14.418],[23.01,14.549],[22.903,14.503],[22.818,14.56],[22.838,14.704],[22.876,14.899],[22.783,14.984],[22.759,14.968],[22.753,14.959],[22.751,14.952],[22.76,14.925],[22.762,14.911],[22.762,14.902],[22.758,14.896],[22.734,14.895],[22.704,14.887],[22.702,14.883],[22.685,14.867],[22.674,14.859],[22.673,14.855],[22.675,14.846],[22.673,14.843],[22.664,14.837],[22.682,14.787],[22.713,14.719],[22.713,14.696],[22.577,14.646],[22.519,14.642],[22.508,14.64],[22.499,14.634],[22.48,14.627],[22.455,14.612],[22.44,14.6],[22.409,14.598],[22.384,14.519],[22.383,14.514],[22.385,14.513],[22.396,14.518],[22.402,14.516],[22.417,14.506],[22.433,14.498],[22.445,14.483],[22.436,14.409],[22.439,14.388],[22.44,14.374],[22.455,14.35],[22.459,14.338],[22.459,14.332],[22.457,14.328],[22.431,14.313],[22.428,14.296],[22.43,14.289],[22.436,14.285],[22.442,14.274],[22.456,14.259],[22.463,14.248],[22.472,14.236],[22.476,14.238],[22.484,14.245],[22.495,14.243],[22.502,14.247],[22.538,14.239],[22.545,14.236],[22.55,14.23],[22.548,14.215],[22.549,14.208],[22.557,14.196],[22.564,14.189],[22.566,14.184],[22.533,14.111],[22.491,14.106],[22.445,14.051],[22.401,14.052],[22.363,14.02],[22.334,14.012],[22.326,14.008],[22.299,13.962],[22.243,13.957],[22.232,13.951],[22.211,13.926],[22.156,13.869],[22.072,13.777],[22.077,13.773],[22.094,13.766],[22.1,13.759],[22.107,13.756],[22.113,13.745],[22.119,13.742],[22.125,13.731],[22.132,13.709],[22.117,13.686],[22.117,13.682],[22.121,13.678],[22.124,13.666],[22.134,13.647],[22.142,13.64],[22.141,13.637],[22.142,13.631],[22.145,13.626],[22.151,13.624],[22.163,13.615],[22.174,13.598],[22.185,13.586],[22.199,13.576],[22.208,13.572],[22.211,13.566],[22.232,13.544],[22.232,13.532],[22.228,13.519],[22.228,13.513],[22.228,13.505],[22.231,13.5],[22.228,13.492],[22.229,13.487],[22.224,13.467],[22.234,13.458],[22.249,13.435],[22.251,13.425],[22.257,13.416],[22.276,13.408],[22.289,13.393],[22.299,13.385],[22.301,13.381],[22.301,13.36],[22.294,13.357],[22.291,13.345],[22.275,13.329],[22.269,13.324],[22.262,13.322],[22.258,13.318],[22.255,13.306],[22.229,13.284],[22.221,13.272],[22.215,13.267],[22.201,13.257],[22.197,13.256],[22.184,13.256],[22.174,13.248],[22.171,13.24],[22.176,13.228],[22.156,13.199],[22.143,13.188],[22.137,13.171],[22.134,13.168],[22.125,13.167],[22.109,13.16],[22.092,13.163],[22.088,13.16],[22.075,13.144],[22.071,13.142],[22.061,13.143],[22.054,13.14],[22.029,13.138],[22.02,13.139],[22.013,13.138],[22.01,13.135],[22.007,13.113],[21.992,13.098],[21.981,13.091],[21.973,13.08],[21.966,13.073],[21.956,13.071],[21.949,13.067],[21.944,13.058],[21.931,13.048],[21.929,13.042],[21.931,13.024],[21.929,13.02],[21.921,13.008],[21.9,12.987],[21.921,13.007],[21.929,13.02],[21.931,13.024],[21.93,13.037],[21.929,13.042],[21.931,13.048],[21.945,13.058],[21.949,13.067],[21.956,13.071],[21.966,13.073],[21.974,13.08],[21.981,13.091],[21.992,13.098],[22.007,13.113],[22.01,13.135],[22.014,13.138],[22.021,13.139],[22.014,13.138],[22.01,13.135],[22.007,13.113],[21.992,13.098],[21.982,13.091],[21.974,13.08],[21.967,13.073],[21.957,13.071],[21.949,13.067],[21.945,13.058],[21.931,13.048],[21.929,13.042],[21.931,13.037],[21.931,13.024],[21.93,13.02],[21.921,13.007],[21.901,12.986],[21.88,12.948],[21.878,12.931],[21.87,12.914],[21.869,12.899],[21.853,12.869],[21.851,12.846],[21.849,12.836],[21.843,12.829],[21.831,12.82],[21.818,12.815],[21.815,12.809],[21.814,12.803],[21.819,12.798],[21.833,12.789],[21.841,12.776],[21.852,12.771],[21.857,12.765],[21.86,12.756],[21.856,12.742],[21.856,12.727],[21.858,12.723],[21.884,12.706],[21.886,12.698],[21.884,12.681],[21.887,12.676],[21.9,12.675],[21.913,12.668],[21.925,12.657],[21.927,12.651],[21.94,12.642],[21.944,12.637],[21.945,12.631],[21.945,12.626],[21.949,12.621],[22.152,12.669],[22.199,12.707],[22.198,12.753],[22.31,12.689],[22.404,12.648],[22.464,12.633],[22.427,12.538],[22.428,12.517],[22.422,12.515],[22.419,12.513],[22.412,12.498],[22.401,12.485],[22.397,12.476],[22.381,12.465],[22.364,12.443],[22.367,12.441],[22.369,12.435],[22.37,12.427],[22.373,12.421],[22.377,12.421],[22.387,12.425],[22.392,12.425],[22.396,12.423],[22.401,12.41],[22.422,12.39],[22.426,12.385],[22.427,12.38],[22.426,12.377],[22.42,12.371],[22.421,12.365],[22.418,12.358],[22.426,12.353],[22.424,12.344],[22.429,12.333],[22.431,12.324],[22.431,12.319],[22.436,12.31],[22.44,12.299],[22.445,12.293],[22.444,12.288],[22.439,12.276],[22.448,12.269],[22.452,12.257],[22.465,12.241],[22.463,12.235],[22.464,12.233],[22.474,12.232],[22.476,12.23],[22.478,12.222],[22.474,12.209],[22.484,12.197],[22.49,12.181],[22.489,12.164],[22.494,12.148],[22.49,12.138],[22.494,12.123],[22.494,12.114],[22.485,12.104],[22.485,12.089],[22.48,12.078],[22.485,12.073],[22.485,12.07],[22.481,12.07],[22.477,12.073],[22.479,12.067],[22.475,12.058],[22.479,12.045],[22.478,12.036],[22.476,12.031],[22.477,12.025],[22.481,12.022],[22.487,12.02],[22.494,12.021],[22.537,12.055],[22.547,12.057],[22.55,12.053],[22.567,12.051],[22.577,12.056],[22.583,12.062],[22.59,12.062],[22.592,12.06],[22.625,12.102],[22.724,12.256],[22.732,12.289],[22.725,12.324],[22.693,12.391],[22.687,12.433],[22.695,12.474],[22.659,12.573],[22.647,12.596],[22.639,12.617],[22.626,12.634],[22.612,12.661],[22.616,12.693],[22.627,12.705],[22.646,12.716],[22.666,12.735],[22.683,12.791],[22.722,12.815],[22.748,12.837],[22.764,12.854],[22.777,12.86],[22.785,12.861],[22.787,12.887],[22.792,12.891],[22.802,12.891],[22.815,12.897],[22.83,12.915],[22.843,12.922],[22.859,12.923],[22.875,12.93],[22.887,12.932],[22.896,12.936],[22.907,12.952],[22.909,12.961],[22.901,12.972],[22.909,12.98],[22.912,12.978],[22.913,12.982],[22.911,12.99],[22.9,13.0],[22.878,13.009],[22.881,13.015],[22.898,13.023],[22.91,13.032],[22.925,13.033],[22.942,13.029],[22.974,13.06],[22.975,13.075],[22.964,13.086],[22.951,13.101],[22.967,13.116],[22.966,13.12],[22.977,13.138],[22.99,13.136],[23.002,13.148],[23.007,13.149],[23.005,13.152],[22.999,13.156],[22.997,13.157],[22.998,13.159],[23.005,13.159],[23.007,13.163],[23.015,13.165],[23.033,13.191],[23.037,13.202],[23.039,13.218],[23.039,13.231],[23.034,13.253],[23.043,13.263],[23.07,13.257],[23.081,13.256],[23.186,13.295],[23.195,13.315],[23.201,13.398],[23.219,13.41],[23.22,13.416],[23.225,13.429]]]}},{"type":"Feature","properties":{"name":"West Kordofan"},"geometry":{"type":"Polygon","coordinates":[[[29.0,9.671],[29.037,9.709],[29.051,9.73],[29.063,9.732],[29.07,9.736],[29.078,9.75],[29.083,9.752],[29.086,9.75],[29.098,9.754],[29.107,9.75],[29.117,9.749],[29.538,9.75],[29.539,10.082],[29.939,10.287],[29.942,10.288],[29.982,10.289],[29.974,10.293],[29.961,10.307],[29.958,10.316],[29.952,10.319],[29.944,10.346],[29.936,10.358],[29.923,10.385],[29.916,10.403],[29.899,10.435],[29.894,10.449],[29.889,10.455],[29.888,10.465],[29.882,10.468],[29.881,10.472],[29.873,10.483],[29.872,10.488],[29.853,10.52],[29.845,10.535],[29.842,10.565],[29.808,10.594],[29.798,10.6],[29.711,10.677],[29.686,10.703],[29.679,10.706],[29.625,10.755],[29.536,10.828],[29.502,10.86],[29.488,10.867],[29.477,10.88],[29.438,10.912],[29.39,10.947],[29.379,10.97],[29.361,11.002],[29.359,11.012],[29.348,11.028],[29.344,11.041],[29.339,11.047],[29.339,11.062],[29.335,11.07],[29.334,11.105],[29.338,11.139],[29.343,11.146],[29.395,11.184],[29.398,11.2],[29.416,11.209],[29.441,11.232],[29.471,11.251],[29.474,11.257],[29.469,11.27],[29.47,11.295],[29.46,11.316],[29.46,11.327],[29.497,11.38],[29.493,11.391],[29.496,11.399],[29.495,11.397],[29.489,11.411],[29.479,11.424],[29.452,11.508],[29.377,11.701],[29.367,11.7],[29.255,11.696],[29.23,11.735],[29.232,11.748],[29.224,11.747],[29.224,11.748],[29.229,11.776],[29.251,11.825],[29.27,11.974],[29.283,12.002],[29.347,12.105],[29.348,12.115],[29.353,12.129],[29.363,12.129],[29.385,12.139],[29.418,12.16],[29.432,12.187],[29.442,12.211],[29.44,12.229],[29.437,12.242],[29.444,12.25],[29.479,12.258],[29.489,12.267],[29.488,12.28],[29.493,12.29],[29.496,12.305],[29.504,12.325],[29.523,12.36],[29.554,12.391],[29.584,12.428],[29.601,12.443],[29.628,12.462],[29.632,12.471],[29.644,12.487],[29.645,12.491],[29.643,12.497],[29.644,12.501],[29.65,12.505],[29.663,12.531],[29.713,12.661],[29.716,12.673],[29.713,12.684],[29.709,12.688],[29.705,12.699],[29.706,12.709],[29.712,12.729],[29.738,12.737],[29.787,12.744],[29.788,12.746],[29.788,12.749],[29.784,12.752],[29.723,12.877],[29.703,12.907],[29.635,12.999],[29.637,13.002],[29.588,13.089],[29.565,13.088],[29.546,13.101],[29.532,13.165],[29.52,13.255],[29.527,13.356],[29.516,13.407],[29.415,13.429],[29.411,13.439],[29.402,13.439],[29.394,13.433],[29.382,13.436],[29.302,13.479],[29.29,13.49],[29.284,13.494],[29.26,13.502],[29.268,13.528],[29.219,13.551],[29.107,13.687],[29.075,13.689],[29.027,13.712],[28.992,13.719],[28.96,13.742],[28.872,13.776],[28.872,13.857],[28.801,13.858],[28.767,13.811],[28.747,13.812],[28.744,13.828],[28.736,13.846],[28.733,13.849],[28.723,13.848],[28.71,13.843],[28.704,13.859],[28.678,13.859],[28.674,13.867],[28.669,13.868],[28.659,13.859],[28.638,13.86],[28.6,13.898],[28.497,13.934],[28.486,13.934],[28.366,13.987],[28.324,13.992],[28.307,14.005],[28.253,14.026],[28.197,13.97],[28.125,13.956],[28.057,13.983],[28.051,14.019],[28.067,14.038],[28.068,14.049],[28.07,14.051],[28.074,14.05],[28.08,14.051],[28.081,14.056],[28.073,14.069],[28.02,14.115],[28.013,14.122],[28.003,14.123],[27.989,14.119],[27.986,14.105],[27.987,14.094],[27.995,14.08],[27.988,14.055],[27.959,14.051],[27.92,14.056],[27.907,14.063],[27.898,14.071],[27.899,14.074],[27.903,14.071],[27.911,14.068],[27.914,14.069],[27.913,14.074],[27.908,14.082],[27.863,14.084],[27.863,14.08],[27.87,14.07],[27.88,14.061],[27.879,14.058],[27.876,14.059],[27.873,14.064],[27.86,14.073],[27.837,14.061],[27.824,14.058],[27.773,14.119],[27.497,14.118],[27.481,14.092],[27.444,14.097],[27.471,14.021],[27.48,13.983],[27.468,13.823],[27.455,13.746],[27.455,13.74],[27.497,13.704],[27.524,13.661],[27.529,13.65],[27.536,13.649],[27.541,13.644],[27.546,13.611],[27.543,13.545],[27.518,13.493],[27.385,13.342],[27.382,13.269],[27.378,13.237],[27.367,13.223],[27.353,13.216],[27.348,13.202],[27.358,13.17],[27.24,13.044],[27.162,12.956],[27.138,12.909],[27.132,12.844],[27.123,12.686],[27.13,12.621],[27.126,12.579],[27.083,12.401],[27.076,12.393],[27.083,12.323],[27.082,12.238],[27.075,12.183],[27.067,12.137],[27.064,12.102],[27.1,12.046],[27.143,11.964],[27.182,11.882],[27.219,11.764],[27.247,11.413],[27.256,11.271],[27.252,11.197],[27.298,11.05],[27.288,10.946],[27.261,10.857],[27.299,10.781],[27.34,10.669],[27.419,10.538],[27.476,10.388],[27.449,10.238],[27.478,10.086],[27.483,9.949],[27.485,9.792],[27.583,9.614],[27.759,9.603],[27.846,9.605],[27.887,9.609],[27.898,9.611],[27.832,9.737],[27.836,9.785],[27.831,9.799],[27.836,10.166],[28.359,10.167],[29.0,10.167],[29.0,9.671]]]}},{"type":"Feature","properties":{"name":"White Nile"},"geometry":{"type":"Polygon","coordinates":[[[32.54,15.194],[32.482,15.225],[32.468,15.223],[32.451,15.229],[32.443,15.223],[32.442,15.206],[32.44,15.199],[32.436,15.196],[32.434,15.192],[32.435,15.184],[32.356,15.188],[32.352,15.177],[32.043,15.051],[32.044,15.028],[32.071,15.026],[32.072,14.987],[32.052,14.981],[32.049,14.968],[32.043,14.967],[31.954,14.967],[31.931,14.881],[31.91,14.884],[31.894,14.883],[31.893,14.859],[31.901,14.852],[31.878,14.757],[31.86,14.74],[31.763,14.663],[31.708,14.695],[31.704,14.698],[31.693,14.695],[31.691,14.677],[31.608,14.614],[31.602,14.599],[31.604,14.569],[31.601,14.55],[31.601,14.511],[31.59,14.463],[31.588,14.44],[31.529,14.307],[31.535,14.17],[31.562,14.07],[31.594,14.008],[31.786,13.872],[31.815,13.786],[31.873,13.624],[31.953,13.556],[31.951,13.531],[31.966,13.501],[31.977,13.494],[31.997,13.497],[32.017,13.498],[32.035,13.475],[32.03,13.461],[32.025,13.451],[32.023,13.416],[31.983,13.38],[31.991,13.317],[32.006,13.281],[32.016,13.261],[32.026,13.223],[31.994,13.16],[31.97,13.162],[31.943,13.153],[31.917,13.138],[31.848,13.105],[31.834,13.083],[31.783,13.033],[31.762,13.027],[31.741,13.011],[31.731,12.988],[31.738,12.969],[31.736,12.954],[31.709,12.921],[31.696,12.893],[31.687,12.866],[31.693,12.81],[31.696,12.776],[31.669,12.718],[31.673,12.669],[31.681,12.602],[31.69,12.571],[31.689,12.547],[31.698,12.516],[31.708,12.495],[31.72,12.455],[31.733,12.42],[31.742,12.387],[31.768,12.306],[31.807,12.209],[31.822,12.16],[31.91,12.162],[32.007,12.063],[32.128,11.945],[32.475,11.947],[32.741,11.947],[32.745,11.949],[32.75,11.96],[32.756,12.004],[32.759,12.012],[32.754,12.035],[32.75,12.043],[32.752,12.061],[32.757,12.07],[32.75,12.107],[32.742,12.129],[32.739,12.151],[32.74,12.168],[32.744,12.182],[32.746,12.2],[32.734,12.229],[32.734,12.234],[32.737,12.237],[32.738,12.236],[33.023,12.227],[33.255,12.214],[33.241,12.272],[33.227,12.272],[33.219,12.307],[33.227,12.357],[33.19,12.394],[33.17,12.451],[33.158,12.49],[33.11,12.558],[33.068,12.651],[33.067,12.679],[33.093,12.757],[33.131,12.821],[33.186,12.928],[33.113,13.008],[33.115,13.018],[33.108,13.042],[33.101,13.039],[33.094,13.047],[33.06,13.041],[33.053,13.047],[33.015,13.112],[33.079,13.147],[33.081,13.156],[33.078,13.172],[33.049,13.183],[33.039,13.176],[32.989,13.158],[32.96,13.214],[32.953,13.224],[32.911,13.263],[32.912,13.276],[32.961,13.399],[32.964,13.421],[32.966,13.48],[32.96,13.501],[32.953,13.509],[32.959,13.524],[32.962,13.552],[32.954,13.596],[32.942,13.697],[32.922,13.703],[32.92,13.721],[32.904,13.721],[32.899,13.688],[32.894,13.678],[32.891,13.656],[32.868,13.635],[32.852,13.603],[32.844,13.592],[32.832,13.565],[32.811,13.555],[32.791,13.583],[32.79,13.594],[32.774,13.601],[32.759,13.6],[32.742,13.61],[32.734,13.612],[32.735,13.627],[32.725,13.635],[32.725,13.643],[32.716,13.655],[32.714,13.676],[32.709,13.685],[32.69,13.686],[32.681,13.688],[32.679,13.701],[32.688,13.719],[32.716,13.744],[32.712,13.759],[32.701,13.768],[32.703,13.778],[32.68,13.824],[32.686,13.833],[32.674,13.839],[32.673,13.846],[32.669,13.848],[32.667,13.854],[32.672,13.857],[32.667,13.909],[32.633,13.909],[32.627,13.901],[32.605,13.917],[32.61,13.927],[32.595,13.935],[32.582,13.927],[32.552,13.954],[32.537,13.971],[32.526,14.0],[32.531,14.008],[32.536,14.031],[32.505,14.091],[32.502,14.093],[32.503,14.095],[32.496,14.109],[32.49,14.128],[32.474,14.151],[32.457,14.172],[32.448,14.198],[32.46,14.223],[32.493,14.282],[32.48,14.296],[32.473,14.299],[32.469,14.306],[32.469,14.31],[32.452,14.342],[32.42,14.414],[32.419,14.417],[32.422,14.459],[32.414,14.463],[32.414,14.471],[32.421,14.475],[32.411,14.524],[32.387,14.545],[32.384,14.56],[32.356,14.582],[32.351,14.593],[32.349,14.631],[32.354,14.649],[32.383,14.672],[32.407,14.682],[32.456,14.676],[32.468,14.668],[32.457,14.648],[32.469,14.648],[32.485,14.684],[32.499,14.721],[32.543,14.773],[32.553,14.796],[32.565,14.849],[32.562,14.866],[32.547,14.917],[32.552,14.984],[32.544,14.985],[32.542,14.987],[32.543,14.992],[32.552,14.994],[32.562,15.039],[32.562,15.062],[32.555,15.08],[32.53,15.098],[32.52,15.116],[32.52,15.143],[32.522,15.15],[32.54,15.194]]]}}]}